,time,flux,flux_err
0,4.491596638655462,0.9990839133089938,0.0031849506313379127
1,13.474789915966388,1.0050216160131313,0.003184002475458012
2,22.45798319327731,1.0056095919830905,0.003183034775517803
3,31.441176470588236,1.0084921526790553,0.00318256284921752
4,40.424369747899156,1.002831977033515,0.0031816238378062044
5,49.40756302521009,1.0003239815883291,0.0031814848777443807
6,58.39075630252102,1.0013085602634915,0.003181767459753973
7,67.37394957983194,1.003915385045499,0.003182021891144589
8,76.35714285714286,1.0021944580101763,0.0031826458666480025
9,85.34033613445378,1.0025537987971966,0.0031832551392803597
10,94.3235294117647,0.9963444593091833,0.003170347452918355
11,103.30672268907563,0.9919634210336266,0.003171271940761919
12,112.28991596638656,0.9896989010351741,0.0031724955065191886
13,121.27310924369748,0.9899150472999605,0.0031741633858676827
14,130.2563025210084,0.9913045310958586,0.0031774835451770845
15,139.23949579831933,0.9965692365514329,0.003181204447374455
16,148.22268907563026,1.0013431748638046,0.0031841692275322003
17,157.2058823529412,0.9928673532456671,0.003188236185109338
18,166.1890756302521,0.9886094544188455,0.0031917168208772328
19,175.17226890756305,0.9932573673300846,0.0031975346752333477
20,184.15546218487395,0.9880642494681209,0.0031997555259762464
21,202.12184873949582,0.9793803656252946,0.003303233794568729
22,211.10504201680672,0.9798507335399985,0.003308921654028298
23,220.08823529411768,0.9773676466850418,0.0033114537753096817
24,229.07142857142858,0.9783829026750682,0.003313158591139126
25,238.05462184873952,0.9786977848622823,0.0033141078228388593
26,247.03781512605042,0.9798399226673062,0.0033134108708900746
27,256.02100840336135,0.9787138969680892,0.003310306234153978
28,265.0042016806723,0.9795544488996243,0.0033089928374406136
29,273.9873949579832,0.9851660813241407,0.003476247857401021
30,282.97058823529414,0.9891843875816634,0.0034722848957411193
31,291.9537815126051,0.9891343274969424,0.0034689570263895762
32,300.93697478991595,0.9842535661769645,0.0034656971129908487
33,309.92016806722694,0.9844538047374629,0.0034628736238379
34,318.9033613445378,0.9878711904718473,0.0034588611744656586
35,327.88655462184875,0.9848147391736054,0.0034558818707401615
36,336.8697478991597,0.9864479490772264,0.0034538033868218923
37,345.85294117647055,0.9867524627076757,0.0034504834068157957
38,354.83613445378154,0.9867202585753483,0.0034476102506472016
39,363.8193277310924,0.9860911574015236,0.003446157714568708
40,372.80252100840335,0.9824656837023906,0.0031866210209326837
631,374.75,0.9793114974349605,0.0031872270661055407
632,375.25,0.9801569146601038,0.003185420405998528
633,375.75,0.9823757986169368,0.0031855581109372136
634,376.25,0.983322760859916,0.003185479217482759
635,376.75,0.9850910039592953,0.0031856742994792286
636,377.25,0.9865786291425238,0.003185980190918546
637,377.75,0.9884422445814731,0.003185604012583441
638,378.25,0.9923904420357279,0.00318523177892106
639,379.75,1.0024559163455324,0.003185845713439362
640,380.25,1.000031032780677,0.003185533725687655
641,380.75,0.9999212790533285,0.003185493203140594
642,381.25,1.004908564271466,0.00318584822368564
643,381.75,1.0050298457277997,0.003186645047575632
644,382.25,1.0090171576599771,0.003186951656228172
645,382.75,1.01845134648876,0.0031871861849518688
646,383.25,1.0227929065262247,0.003187890488336182
647,383.75,1.0262225012585138,0.0031875634391068065
648,384.25,1.0255992038617512,0.003187330344809554
649,384.75,1.0308342179378323,0.0031874940487275475
650,385.25,1.0327685959466266,0.0031872155906939835
651,385.75,1.0391899341208886,0.0031882055242440843
652,386.25,1.0497584447837183,0.0031894775018938603
653,386.75,1.0605147304791815,0.003189774428167898
654,387.25,1.0673647652803262,0.003189967717131313
655,387.75,1.0770458405906187,0.0031898319845289893
656,388.25,1.0702099346824157,0.003189767793945592
657,388.75,1.068259453233414,0.0031898287570694887
658,389.25,1.062687182346312,0.0031891298327843425
659,389.75,1.0613849929740418,0.0031891717897578487
660,390.25,1.0655749332462223,0.0031888140796632186
661,390.75,1.0533753073726642,0.003188482189244592
662,391.25,1.0397333328956866,0.0031877952782809202
663,391.75,1.0334219196451315,0.003186737926687922
664,392.25,1.0280688789690018,0.0031867164102912524
665,392.75,1.02590031879877,0.0031863890024552656
666,393.25,1.0222929801296026,0.003185835851757555
667,393.75,1.0187200174924165,0.0031854071375539156
668,394.25,1.0179571269141379,0.0031850239663898947
669,394.75,1.0202516069337222,0.003184907957151185
670,395.25,1.0203407697883684,0.0031845995554655895
671,395.75,1.0173536577591655,0.003184713233761326
672,396.25,1.0190072342452239,0.003184620713255648
673,396.75,1.0188361469639724,0.00318436269579892
674,397.25,1.016983793010684,0.003184278961155214
675,397.75,1.0219331535975709,0.0031846811384696277
676,398.25,1.020783090882987,0.0031851733260434413
677,398.75,1.0173152638159655,0.0031848919991569885
678,399.25,1.0174273358931225,0.003184311235750219
679,399.75,1.0161713298522943,0.00318433346936011
44,408.7352941176471,1.0121053155606061,0.0031829983769467705
45,417.71848739495795,1.012030635482238,0.0031826422805818913
46,426.7016806722689,1.007483254856033,0.0031817927415200595
47,435.68487394957987,1.0064475815799265,0.003181907854242241
48,444.66806722689074,1.0066486797210312,0.003182514258021708
49,453.6512605042017,1.0118630088605653,0.0031836345450749646
50,462.63445378151255,1.017983210022759,0.003185014104708088
51,471.6176470588235,1.0324968547819489,0.003174060824376891
52,480.60084033613447,1.0328465834393452,0.0031757426893832203
53,489.58403361344534,1.028367148602415,0.0031771122080312313
54,498.5672268907563,1.0357007226951005,0.0031793387964799084
55,507.5504201680672,1.0303657670528903,0.0031827005541562045
56,516.5336134453781,1.0291636671675595,0.0031861519634852906
57,525.516806722689,1.0291369776485615,0.0031908491721815376
58,534.5,1.0419111394047227,0.003196847047056453
59,543.4831932773109,1.0387331200278587,0.003200943410375706
60,552.4663865546219,1.0346887553783988,0.003203901556311144
61,561.4495798319327,1.0304635694790347,0.0032099015828257267
62,570.4327731092436,1.0263725751701052,0.0033056389691097626
63,579.4159663865546,1.025207929128052,0.0033098565414635866
64,588.3991596638656,1.0178095026316716,0.003315354698025854
65,597.3823529411765,1.0157494590941574,0.003319284488574224
66,606.3655462184873,1.0063086082486519,0.003320660462141235
67,615.3487394957983,1.0019421336265135,0.003321209309559612
68,624.3319327731092,1.0008985573673992,0.003320475421129878
69,633.3151260504202,1.001313263720519,0.0033182538531737575
70,642.2983193277311,1.0028636098687225,0.003314945527882523
71,651.2815126050419,1.0066110957085856,0.0033139055687101664
72,660.2647058823529,1.0063396503622697,0.003482466813251715
73,669.2478991596639,1.0079507006253496,0.0034786444253833864
74,678.2310924369748,1.009177080218299,0.0034751910437179397
75,687.2142857142858,1.0058316909601797,0.003470953748000502
76,696.1974789915967,0.9946746529351178,0.0034658880710112905
77,705.1806722689076,0.998250790396807,0.0034631682191689664
78,714.1638655462185,0.998623361574766,0.0034602271070475576
79,723.1470588235294,1.0010424319151152,0.003456208740666232
80,732.1302521008405,1.0085239844536003,0.0034548062302099947
81,741.1134453781514,1.010240431807788,0.0034522319726518007
82,750.0966386554622,1.0053888793740167,0.003190275042997074
83,759.0798319327732,1.0093718321973904,0.003189353961916316
84,768.0630252100841,1.0039009072054015,0.0031870398734545166
85,777.046218487395,1.0019293579581507,0.0031869032443356655
86,786.029411764706,1.001699270416424,0.0031846648218688193
87,795.0126050420168,1.0022958421924437,0.0031840813689124666
88,803.9957983193277,1.0006618623914025,0.0031835054466949476
89,812.9789915966388,1.0038605430714416,0.003183358417984373
90,821.9621848739497,1.0062652365370657,0.0031837826496053726
91,830.9453781512606,1.0084862495235696,0.0031849251702685205
92,839.9285714285716,1.0051597815435978,0.003185208110884724
93,848.9117647058824,1.003494742122406,0.0031753439188316134
94,857.8949579831933,0.9974468552950004,0.0031754636934397396
95,866.8781512605043,0.9957657428933584,0.0031770957121271186
96,875.8613445378152,0.9995322228508909,0.0031795272442540715
97,884.844537815126,0.9926362486056878,0.00318199750589503
98,893.8277310924369,0.9944524821186245,0.0031867920762862064
99,902.810924369748,0.9965522293026945,0.0031885479935577395
100,911.7941176470589,1.0006933118159336,0.003192933573108891
101,920.7773109243698,1.0032918953166163,0.0031962901309893254
102,929.7605042016808,0.9983376233913452,0.003200250403099644
103,938.7436974789916,0.998275730269788,0.0032066502759856667
104,947.7268907563025,0.9916101380088409,0.00329995648874936
105,956.7100840336135,0.984580868981805,0.0033026962432586037
106,965.6932773109244,0.9828824052623024,0.0033116370232879836
107,974.6764705882352,0.9862404907259431,0.0033137463473748123
108,983.6596638655463,0.9882144358822214,0.003315393068933248
109,992.6428571428572,0.9895127361598668,0.0033165357688997015
110,1001.6260504201681,0.9904636709026368,0.00331621625040916
111,1010.6092436974791,0.9909506471040919,0.0033132631249662772
112,1019.59243697479,0.9863590333688443,0.003309259461456009
113,1028.5756302521008,0.9846948460524234,0.003305661202719655
114,1037.558823529412,0.9822710032737605,0.003473295269868055
115,1046.5420168067228,0.9843150377739499,0.003472191299415607
116,1055.5252100840337,0.9859386743288978,0.003467548061014339
117,1064.5084033613446,0.9905569363931429,0.0034634079476885253
