Name,source_gaia_dr3,ra,dec,Gmag,Rank,D_Mpc,Survey,log_M_bh,log_h_0,LDA,h_norm,LDA_norm,Score,Profile
NGC4073,3891772263220977408,181.11274948990462,1.8960033038216177,20.09141,1,91.5,MASSIVE,10.25,-13.04,4.08,0.98,0.99,0.99,C
NGC1016,2502292927842652800,39.58154016459003,2.119300720680673,20.193127,2,95.2,MASSIVE,10.25,-13.06,3.86,0.98,0.97,0.97,C
NGC2832,0,139.9452208,33.7497417,nan,3,105.2,MASSIVE,10.3,-13.02,3.62,0.99,0.94,0.97,C
NGC4486,3907709439453756032,187.7059268263182,12.391125333111578,16.838953,4,17.2,ATLAS3D,9.72,-13.2,4.03,0.93,0.98,0.96,C
NGC1060,0,40.8126875,32.4250111,nan,5,67.4,MASSIVE,10.0,-13.32,4.21,0.9,1.0,0.95,
NGC0533,2559225708648686848,21.38086457677262,1.7592324046694185,20.98351,6,77.9,MASSIVE,10.03,-13.33,3.87,0.9,0.97,0.93,
NGC4472,0,187.445,8.0002778,nan,7,17.1,ATLAS3D,9.8,-13.07,3.02,0.97,0.89,0.93,C
NGC4874,1460807716986742400,194.89878906844942,27.95924830339139,21.899185,8,102.0,MASSIVE,10.13,-13.28,3.56,0.91,0.94,0.92,C
NGC0410,313964072138107904,17.745423538630696,33.15195941056824,20.192122,9,71.3,MASSIVE,9.94,-13.45,3.93,0.86,0.97,0.92,
NGC7265,1906083675393600640,335.6145259806547,36.20980726835771,19.584482,10,82.8,MASSIVE,9.95,-13.49,4.01,0.85,0.98,0.92,
NGC1060,0,40.8126875,32.4250111,nan,11,73.9,CALIFA,9.91,-13.51,3.92,0.84,0.97,0.91,
NGC0777,301545672418338048,30.062110711559335,31.429402978227806,19.964546,12,72.2,MASSIVE,9.95,-13.43,3.69,0.86,0.95,0.91,
NGC0315,311721858691625984,14.453579385670723,30.35245612260042,19.992228,13,70.3,MASSIVE,10.22,-12.98,2.11,1.0,0.8,0.91,
NGC1129,0,43.6141667,41.5796389,nan,14,73.9,MASSIVE,10.1,-13.2,2.87,0.94,0.87,0.9,
NGC4406,0,186.549225,12.9459694,nan,15,16.8,ATLAS3D,9.51,-13.54,3.84,0.83,0.97,0.9,C
NGC0507,0,20.9164583,33.2561722,nan,16,69.8,MASSIVE,9.95,-13.42,3.42,0.87,0.93,0.9,C
NGC4374,0,186.2625,12.8869444,nan,17,18.5,ATLAS3D,9.48,-13.63,3.97,0.81,0.98,0.9,C
NGC4261,0,184.8467333,5.8249167,nan,18,30.8,ATLAS3D,9.71,-13.47,3.42,0.85,0.93,0.89,C
NGC2258,1115106039849833600,101.94250395395272,74.48181562607272,21.222439,19,59.0,MASSIVE,9.75,-13.68,3.96,0.79,0.98,0.89,
NGC0708,0,28.193675,36.1518139,nan,20,69.0,MASSIVE,9.75,-13.74,4.03,0.77,0.98,0.88,
NGC5846,0,226.6218875,1.6056361,nan,21,24.2,ATLAS3D,9.46,-13.77,4.07,0.76,0.99,0.88,C
NGC4472,0,187.445,8.0002778,nan,22,16.7,MASSIVE,9.8,-13.04,1.59,0.98,0.75,0.87,C
NGC7436,1883074539156868096,344.48976611104297,26.149987048576218,18.985197,23,106.6,MASSIVE,10.12,-13.33,2.56,0.9,0.84,0.87,
NGC2783,698985006638771200,138.41448584833708,29.992944781097137,20.117867,24,101.4,MASSIVE,9.8,-13.83,3.93,0.74,0.97,0.87,
NGC5557,0,214.6071167,36.4936889,nan,25,51.0,MASSIVE,9.61,-13.86,4.0,0.73,0.98,0.87,C
NGC7626,0,350.1771833,8.2170639,nan,26,54.0,MASSIVE,9.75,-13.64,3.35,0.8,0.92,0.86,I
NGC3842,0,176.0089792,19.949825,nan,27,99.4,MASSIVE,9.94,-13.6,3.04,0.81,0.89,0.85,C
NGC4914,1517355011593069312,195.17885112848177,37.315253308473906,17.171968,28,74.5,MASSIVE,9.8,-13.69,3.3,0.78,0.91,0.85,
NGC2274,938488699645939328,101.8223528525626,33.56711148398275,19.041958,29,73.8,MASSIVE,9.77,-13.74,3.43,0.77,0.93,0.85,
NGC0080,2800699490268675328,5.295111432312907,22.357125844497254,19.883467,30,81.9,MASSIVE,9.75,-13.82,3.55,0.75,0.94,0.85,
NGC1573,0,68.7665625,73.2624056,nan,31,65.0,MASSIVE,9.67,-13.85,3.63,0.74,0.95,0.85,
NGC5322,1659570007350481024,207.3134598443655,60.19046186619677,18.32417,32,34.2,MASSIVE,9.64,-13.63,2.94,0.8,0.88,0.84,C
NGC3209,726927892068018304,155.16007355304313,25.505066995929035,17.972208,33,94.6,MASSIVE,9.67,-14.02,3.9,0.69,0.97,0.84,
NGC4636,3703345004201762048,190.7076388666953,2.6877644247281878,20.52477,34,14.3,ATLAS3D,9.17,-14.03,3.92,0.68,0.97,0.84,C
NGC7436B,1883074539156868096,344.48976611104297,26.149987048576218,18.985197,35,107.8,CALIFA,10.02,-13.49,2.41,0.85,0.83,0.84,
NGC1132,0,43.2159167,-1.2747222,nan,36,97.6,MASSIVE,9.79,-13.84,3.3,0.74,0.91,0.83,
NGC3562,1075638554573349120,168.24452920391656,72.87926581582505,18.940592,37,101.0,MASSIVE,9.75,-13.91,3.47,0.72,0.93,0.83,
NGC2672,660315144036930432,132.34119373915652,19.074988526117224,19.81286,38,61.5,MASSIVE,9.7,-13.78,3.13,0.76,0.9,0.83,
NGC4365,0,186.1176167,7.3175194,nan,39,23.3,ATLAS3D,9.38,-13.89,3.39,0.72,0.92,0.83,C
NGC4874,1460807716986742400,194.89878906844942,27.95924830339139,21.899185,40,114.0,CALIFA,9.66,-14.11,3.85,0.66,0.97,0.83,C
NGC5813,1153386671040898176,225.29679267536125,1.7019837693576287,19.598957,41,31.3,ATLAS3D,9.49,-13.83,3.18,0.74,0.9,0.83,C
NGC4649,3927661422263289600,190.91654510497247,11.552691159463185,19.937576,42,17.3,ATLAS3D,9.7,-13.23,1.13,0.93,0.71,0.82,C
NGC0890,325281242244415488,35.504175457113625,33.26604745081382,17.925507,43,55.6,MASSIVE,9.64,-13.84,3.08,0.74,0.89,0.82,
NGC0499,316883997064069248,20.797897817361857,33.46018228674946,19.539371,44,69.8,MASSIVE,9.64,-13.94,3.31,0.71,0.92,0.82,
NGC3462,3865071890360870656,163.83773982311317,7.696759425237551,18.128267,45,99.2,MASSIVE,9.72,-13.96,3.32,0.71,0.92,0.82,
UGC02783,236493066964169088,53.576730471749585,39.35677801238736,17.90899,46,85.8,MASSIVE,9.59,-14.11,3.62,0.66,0.94,0.81,
NGC7386,2719202623265936896,342.5089385920543,11.698589387169324,19.563463,47,99.1,MASSIVE,9.7,-13.98,3.31,0.7,0.92,0.81,
NGC0910,339085782529459200,36.36163519781944,41.8243375048234,20.344126,48,79.8,MASSIVE,9.52,-14.19,3.68,0.63,0.95,0.81,C
NGC6173,1332956367469793536,247.43702668235954,40.811636381197744,19.883163,49,136.7,CALIFA,9.71,-14.11,3.46,0.66,0.93,0.81,
NGC3158,0,53.4605292,38.7649111,nan,50,103.4,MASSIVE,10.2,-13.18,0.39,0.94,0.64,0.8,
NGC7274,0,336.0461417,36.1258417,nan,51,82.8,MASSIVE,9.56,-14.15,3.41,0.65,0.92,0.8,
NGC6338,1433047625365142400,258.84576758014316,57.41120737775745,20.216854,52,126.4,CALIFA,9.66,-14.17,3.38,0.64,0.92,0.79,
NGC4555,3960820322135588352,188.92163275528796,26.523079891462558,19.344059,53,103.6,MASSIVE,9.94,-13.62,1.88,0.81,0.78,0.79,
NGC3937,3976297735003239680,178.1775351943084,20.6313038223167,18.540468,54,101.2,MASSIVE,9.72,-13.96,2.85,0.7,0.87,0.79,
NGC7556,0,348.9353042,-2.3815417,nan,55,103.0,MASSIVE,9.89,-13.7,2.05,0.78,0.8,0.79,
NGC1684,3225032638385983360,73.1297622648298,-3.1060218982681373,18.354189,56,63.5,MASSIVE,9.52,-14.09,2.87,0.66,0.87,0.78,
NGC7619,0,350.0605167,8.2062861,nan,57,54.0,MASSIVE,9.75,-13.64,1.56,0.8,0.75,0.78,C
NGC4816,1463698229975680000,194.05062863885115,27.745492553411463,19.87422,58,102.0,MASSIVE,9.52,-14.3,3.3,0.6,0.91,0.77,
IC0310,239367396516893184,49.1790755434296,41.32489297668522,17.680857,59,77.5,MASSIVE,9.52,-14.18,3.03,0.64,0.89,0.77,
UGC03683,977408769862518784,107.058215153564,46.11587426542604,19.978682,60,85.1,MASSIVE,9.66,-14.0,2.51,0.69,0.84,0.77,
NGC5557,0,214.6071167,36.4936889,nan,61,38.8,ATLAS3D,9.07,-14.64,3.84,0.5,0.97,0.77,C
NGC7052,1847640474850185600,319.637684151515,26.446992940611374,20.757015,62,69.3,MASSIVE,9.75,-13.74,1.75,0.77,0.77,0.77,C
NGC2320,980721804558123136,106.42506353358483,50.58098973500259,19.180504,63,89.4,MASSIVE,9.95,-13.53,0.93,0.84,0.69,0.77,
NGC5322,1659570007350481024,207.3134598443655,60.19046186619677,18.32417,64,30.3,ATLAS3D,9.39,-13.99,2.31,0.7,0.82,0.76,C
NGC7550,2819220763637479936,348.81693150782723,18.961459765292137,19.049831,65,73.8,CALIFA,9.23,-14.65,3.7,0.5,0.95,0.76,
NGC6482,4580328702725283456,267.9534746866175,23.071913686416117,18.34812,66,61.4,MASSIVE,9.7,-13.77,1.62,0.76,0.75,0.76,
NGC2513,0,120.6027375,9.4135917,nan,67,70.8,MASSIVE,9.66,-13.92,2.05,0.72,0.8,0.76,
NGC0741,0,29.0966667,5.6263889,nan,68,78.7,CALIFA,9.37,-14.44,3.25,0.56,0.91,0.75,
NGC4841A,0,194.3832417,28.4769056,nan,69,108.0,CALIFA,9.42,-14.5,3.22,0.54,0.91,0.75,
NGC4168,3920614480442041728,183.0719551589182,13.205191169091007,20.288017,70,30.9,ATLAS3D,9.01,-14.63,3.46,0.5,0.93,0.75,C
NGC4552,0,188.9158637,12.5563417,nan,71,15.8,ATLAS3D,8.85,-14.61,3.31,0.51,0.91,0.74,C
NGC2513,0,120.6027375,9.4135917,nan,72,71.1,CALIFA,9.41,-14.34,2.76,0.59,0.86,0.74,
UGC03894,1089653548257509248,113.26954750723326,65.07913649702667,19.56214,73,97.2,MASSIVE,9.7,-13.97,1.86,0.7,0.78,0.74,
NGC1700,3212516279051535360,74.23464660962809,-4.865771616557413,16.65827,74,54.4,MASSIVE,9.7,-13.72,1.02,0.78,0.7,0.74,C
NGC3816,3976059725095485952,175.45012918855355,20.103706617780674,18.09269,75,99.4,MASSIVE,9.57,-14.2,2.37,0.63,0.83,0.73,
NGC4382,0,186.3502208,18.1910806,nan,76,17.9,ATLAS3D,9.26,-13.99,1.79,0.7,0.77,0.73,C
UGC12127,0,339.6225708,35.3296778,nan,77,121.7,CALIFA,9.13,-15.04,3.84,0.38,0.96,0.73,
NGC4816,1463698229975680000,194.05062863885115,27.745492553411463,19.87422,78,110.1,CALIFA,9.35,-14.62,3.13,0.51,0.9,0.73,
NGC0383,313536568273788160,16.854019922850185,32.41253682950348,19.850763,79,71.3,MASSIVE,9.87,-13.56,0.03,0.82,0.6,0.72,
NGC0810,76786769643278464,31.368956164639748,13.25152633416965,19.512123,80,109.4,CALIFA,9.43,-14.49,2.77,0.54,0.86,0.72,
NGC5490,0,212.488875,17.545425,nan,81,78.6,MASSIVE,9.69,-13.91,1.21,0.72,0.72,0.72,
NGC5029,1554329908303374848,198.1566377850504,47.063264990428486,19.38167,82,136.0,CALIFA,9.35,-14.72,3.03,0.47,0.89,0.71,
NGC6703,2118960907628642688,281.828403731258,45.5506323612766,17.083054,83,25.9,ATLAS3D,8.48,-15.45,3.91,0.25,0.97,0.71,P
NGC0499,316883997064069248,20.797897817361857,33.46018228674946,19.539371,84,62.9,CALIFA,9.18,-14.66,2.85,0.49,0.87,0.71,
NGC5198,1551879298748746880,202.5474410270874,46.670740915947896,18.217161,85,39.6,ATLAS3D,8.82,-15.05,3.45,0.37,0.93,0.71,C
NGC1453,3249415751841669632,56.61346162107865,-3.968842076875935,19.771751,86,56.4,MASSIVE,9.75,-13.66,0.04,0.8,0.61,0.71,
UGC10695,1355314798980673152,256.27324503420635,43.04315122667117,19.752758,87,129.3,CALIFA,9.01,-15.25,3.64,0.31,0.95,0.7,
NGC2693,1016889174401226368,134.24692517401354,51.34742728446946,19.351055,88,74.4,MASSIVE,9.82,-13.67,-0.09,0.79,0.59,0.7,
NGC3158,0,153.4605292,38.7649111,nan,89,107.9,CALIFA,9.73,-13.97,0.93,0.7,0.69,0.7,
NGC6575,4590990190236073728,272.73945268116876,31.11615760372193,19.350811,90,106.0,MASSIVE,9.7,-14.01,0.96,0.69,0.69,0.69,
IC1079,1173916442916771712,224.15066755275598,9.369732503603094,19.286074,91,137.9,CALIFA,9.06,-15.21,3.33,0.33,0.92,0.69,
NGC2418,3169384533840754304,114.15624672595462,17.88385288526889,19.628714,92,74.1,MASSIVE,9.57,-14.08,1.06,0.67,0.7,0.69,
NGC6125,1622135171188748160,244.79806039216712,57.98412862263589,19.411882,93,77.0,CALIFA,9.15,-14.8,2.7,0.45,0.86,0.68,
NGC0997,19707891230064768,39.31033979755178,7.305683157767203,19.575626,94,90.4,MASSIVE,9.57,-14.16,1.22,0.64,0.72,0.68,
NGC2768,0,137.9062667,60.0372083,nan,95,21.8,ATLAS3D,9.4,-13.84,0.09,0.74,0.61,0.68,I
UGC10693,0,256.2207042,41.8654861,nan,96,129.8,CALIFA,9.35,-14.69,2.4,0.48,0.83,0.68,
NGC6223,1624653057105377792,250.7677019697032,61.578916784277986,18.651684,97,86.7,MASSIVE,9.7,-13.92,0.34,0.71,0.63,0.68,
NGC6515,1364561721838534272,269.3549730884166,50.728119942361886,18.140308,98,106.2,CALIFA,8.84,-15.46,3.37,0.25,0.92,0.67,
NGC6375,4543845674256958848,262.341156945587,16.20673798464287,18.997732,99,95.8,MASSIVE,9.66,-14.05,0.61,0.68,0.66,0.67,
NGC6411,1435958685478118400,263.8868526426588,60.81339908161241,18.60718,100,61.3,CALIFA,8.65,-15.53,3.24,0.23,0.91,0.66,
NGC7562,2664367641926457984,348.98957584902433,6.687563288659075,18.821291,101,52.7,CALIFA,8.92,-15.01,2.65,0.39,0.85,0.66,
NGC5129,3743164367556365312,201.04177335050983,13.976548817427936,19.8125,102,107.5,MASSIVE,9.94,-13.63,-1.35,0.8,0.47,0.66,
NGC6020,3743164367556365312,201.04177335050983,13.976548817427936,19.8125,103,71.8,CALIFA,8.52,-15.82,3.36,0.14,0.92,0.66,
NGC7618,1936612680895410816,349.94681105707576,42.85256344098381,20.357279,104,76.3,MASSIVE,9.59,-14.06,0.41,0.67,0.64,0.66,
NGC3608,0,169.2456958,18.1485306,nan,105,22.3,ATLAS3D,8.44,-15.44,2.99,0.26,0.88,0.65,C
NGC5614,1479943166383191296,216.03161372661137,34.85883712608787,17.844189,106,65.4,CALIFA,9.01,-14.96,2.31,0.4,0.82,0.65,
NGC3414,731357167286945664,162.81754273031976,27.97508299891783,16.85831,107,24.5,ATLAS3D,8.69,-15.07,2.45,0.37,0.83,0.64,P
NGC3607,0,169.2279167,18.0516667,nan,108,22.2,ATLAS3D,9.08,-14.37,1.01,0.58,0.7,0.64,C
NGC5485,1609387334587603200,211.79733117079965,55.00169006110614,20.138773,109,25.2,ATLAS3D,8.61,-15.22,2.49,0.32,0.84,0.63,C
UGC00029,2854144723269368448,1.1406177810973985,28.30171419629151,21.058533,110,127.5,CALIFA,8.58,-15.97,3.05,0.09,0.89,0.63,
NGC4278,0,185.0284342,29.2807561,nan,111,15.6,ATLAS3D,8.64,-14.95,2.04,0.4,0.79,0.63,C
NGC6146,1380969841230587520,246.29302913554923,40.89286986508659,18.208303,112,137.3,CALIFA,9.55,-14.37,0.8,0.58,0.68,0.63,
NGC5631,1610542749508116608,216.6387084006252,56.58261891353066,17.219797,113,36.3,CALIFA,8.4,-15.72,2.85,0.17,0.87,0.63,
NGC0155,2425421293941589248,8.667015117530529,-10.766537597455892,19.258553,114,89.2,CALIFA,8.81,-15.43,2.56,0.26,0.84,0.62,
NGC1167,137284957421379584,45.42638448924177,35.20563915247395,19.506668,115,70.2,MASSIVE,9.74,-13.78,-1.65,0.76,0.44,0.62,
NGC0524,2579106871742846336,21.198928977386988,9.538913617752137,18.947742,116,23.3,ATLAS3D,9.18,-14.23,-0.14,0.62,0.59,0.6,C
NGC3665,0,171.1817917,38.7627917,nan,117,33.1,ATLAS3D,9.43,-13.96,-1.22,0.7,0.48,0.6,
NGC5485,1609387334587603200,211.79733117079965,55.00169006110614,20.138773,118,36.7,CALIFA,8.56,-15.46,2.28,0.25,0.82,0.6,C
NGC3615,3992125136165189888,169.52771306106348,23.39733666200232,19.43178,119,101.2,MASSIVE,9.7,-13.99,-1.3,0.69,0.48,0.6,
NGC3303,3986045386619398016,159.25026311647815,18.135802429082773,20.620512,120,98.8,CALIFA,8.62,-15.79,2.33,0.15,0.82,0.59,
NGC0665,2573394427801049472,26.233739460748424,10.422923801649437,18.670061,121,74.6,MASSIVE,9.64,-13.97,-1.58,0.7,0.45,0.59,
NGC1167,137284957421379584,45.42638448924177,35.20563915247395,19.506668,122,70.6,CALIFA,9.66,-13.91,-1.96,0.72,0.41,0.59,
NGC7426,1915667602860933248,344.01190573587564,36.361312990300064,18.252184,123,80.0,MASSIVE,9.82,-13.7,-3.55,0.78,0.26,0.58,
NGC5353,1497116820748986240,208.36129360290857,40.28311112516603,19.860914,124,41.1,MASSIVE,9.61,-13.77,-2.98,0.76,0.32,0.58,
NGC3805,3979081251768066048,175.17359354857476,20.343021681586837,18.878672,125,99.4,MASSIVE,9.77,-13.87,-2.41,0.73,0.37,0.58,
NGC3379,0,161.9566667,12.5816306,nan,126,10.3,ATLAS3D,8.38,-15.21,1.57,0.32,0.75,0.58,C
NGC3193,0,154.6036833,21.8939778,nan,127,33.1,ATLAS3D,8.77,-15.07,1.29,0.37,0.72,0.57,C
NGC7619,0,350.0605167,8.2062861,nan,128,54.9,CALIFA,8.42,-15.86,1.94,0.13,0.78,0.56,C
NGC4494,3960663847887192064,187.8501630618875,25.775019906699715,16.982302,129,16.6,ATLAS3D,8.51,-15.21,1.27,0.33,0.72,0.56,P
NGC7025,1763769830963934464,316.9472519858902,16.335895669080713,18.602884,130,75.4,CALIFA,9.39,-14.39,-0.58,0.57,0.55,0.56,
NGC3613,0,169.6505417,57.999925,nan,131,28.3,ATLAS3D,8.89,-14.79,0.49,0.45,0.65,0.56,C
NGC0661,301988122769237632,26.06082859624408,28.705875806851477,17.320168,132,30.6,ATLAS3D,8.4,-15.64,1.65,0.2,0.76,0.55,
NGC0474,2562761428805166080,20.027862716878396,3.415517214752701,18.225534,133,30.9,ATLAS3D,8.4,-15.64,1.64,0.19,0.76,0.55,P
NGC2918,697760906601799296,143.93349571885295,31.705484085682652,18.696482,134,105.1,CALIFA,9.25,-14.77,0.18,0.46,0.62,0.54,
NGC3106,745653296643418496,151.02188277212022,31.18546107061688,18.158852,135,96.4,CALIFA,8.87,-15.37,1.1,0.28,0.71,0.54,
NGC7623,2665755740996583808,350.1250163965945,8.395781832277478,18.419247,136,54.5,CALIFA,8.49,-15.76,1.45,0.16,0.74,0.53,
UGC10097,1399811794038630272,238.93026306131702,47.8672579544644,18.013247,137,94.6,CALIFA,9.27,-14.68,-0.25,0.49,0.58,0.53,
NGC4621,3928413419497254016,190.50940865717772,11.646918049367729,15.963081,138,14.9,ATLAS3D,8.71,-14.81,-0.11,0.45,0.59,0.52,P
NGC1497,53474786675079040,60.52835903261725,23.132887925241562,18.990852,139,87.8,MASSIVE,9.51,-14.26,-1.98,0.61,0.41,0.52,
NGC3226,624806450376611584,155.862530229615,19.89852212416393,17.259785,140,22.9,ATLAS3D,8.51,-15.35,0.82,0.28,0.68,0.52,P
NGC4753,3688813652368924544,193.09194140879788,-1.1995857159268835,17.423386,141,22.9,ATLAS3D,9.16,-14.26,-2.07,0.61,0.4,0.52,
NGC4477,3932055208166851456,187.5091482359601,13.636539921081619,17.83913,142,16.5,ATLAS3D,8.42,-15.34,0.67,0.29,0.66,0.51,I
NGC5208,0,203.1162875,7.3166417,nan,143,105.0,MASSIVE,9.72,-13.98,-4.86,0.7,0.14,0.5,
NGC5638,3668333358515022464,217.41821560475063,3.2333299476818076,19.755121,144,25.6,ATLAS3D,8.4,-15.58,0.76,0.22,0.67,0.5,
NGC0447,313817459135248768,18.90687337198318,33.06779269517076,18.621597,145,80.1,CALIFA,8.73,-15.51,0.67,0.23,0.66,0.5,
NGC0821,2571198806158880896,32.088066040846606,10.99495345464064,17.25867,146,23.4,ATLAS3D,8.67,-15.07,-0.03,0.37,0.6,0.5,I
NGC5966,1389520571362316288,233.9671311861084,39.76889539857377,18.641321,147,73.5,CALIFA,8.53,-15.81,0.89,0.14,0.69,0.5,
NGC7194,2728527375221640576,330.87890185739184,12.6367819464892,19.061083,148,118.9,CALIFA,9.25,-14.82,-0.71,0.44,0.53,0.49,
NGC4429,3907456865311762688,186.86043216078926,11.10766056464212,17.264519,149,16.5,ATLAS3D,8.79,-14.72,-0.99,0.47,0.51,0.49,P
NGC4526,0,188.5126208,7.6991389,nan,150,16.4,ATLAS3D,8.92,-14.51,-1.74,0.54,0.44,0.49,
NGC3615,3992125136165189888,169.52771306106348,23.39733666200232,19.43178,151,105.4,CALIFA,9.15,-14.94,-0.47,0.41,0.56,0.49,
NGC0169,2806399594770365440,9.215030381271855,23.990987008881746,19.173498,152,66.2,CALIFA,9.51,-14.13,-3.95,0.65,0.23,0.49,
NGC5353,1497116820748986240,208.36129360290857,40.28311112516603,19.860914,153,35.2,ATLAS3D,9.35,-14.13,-4.06,0.65,0.22,0.49,
NGC3640,0,170.27855,3.2347639,nan,154,26.3,ATLAS3D,8.88,-14.77,-1.01,0.46,0.51,0.48,C
NGC7563,2812164716486486272,348.98301758257526,13.196127926943491,18.68136,155,60.8,CALIFA,8.46,-15.85,0.67,0.13,0.66,0.48,
NGC4697,3676881374226407296,192.14957562450783,-5.800689548488742,16.782993,156,11.4,ATLAS3D,8.63,-14.84,-1.06,0.44,0.5,0.47,P
NGC4596,3903411998257213440,189.98314222917975,10.176162287070158,17.565012,157,16.5,ATLAS3D,8.37,-15.42,0.1,0.26,0.61,0.47,P
NGC2554,677478662279629824,124.4729307614012,23.47216697623202,18.575954,158,64.0,CALIFA,8.87,-15.19,-0.31,0.33,0.57,0.47,
NGC0932,87326103991799808,36.977914771496316,20.33251066785239,18.933514,159,57.5,CALIFA,8.46,-15.83,0.47,0.14,0.65,0.47,
NGC4473,0,187.4536583,13.4293194,nan,160,15.3,ATLAS3D,8.4,-15.35,-0.08,0.28,0.59,0.47,C
NGC5866,0,226.6231708,55.7633083,nan,161,14.9,ATLAS3D,8.52,-15.14,-0.53,0.35,0.55,0.46,
NGC5784,1489459787414890752,223.56854598830475,42.55788403182041,19.170185,162,86.6,CALIFA,8.87,-15.31,-0.31,0.3,0.57,0.45,
NGC6945,6914504962644445952,309.75250504730735,-4.972544033796413,18.325521,163,59.3,CALIFA,9.16,-14.67,-2.11,0.49,0.4,0.45,
NGC0529,320355636310089728,21.417855625279927,34.71301633550114,19.106709,164,69.0,CALIFA,8.66,-15.56,-0.13,0.22,0.59,0.44,
UGC10905,4569938180398934144,263.5268129418384,25.343958349270384,18.149445,165,122.7,CALIFA,9.52,-14.39,-3.95,0.57,0.23,0.44,
NGC6314,4568677663329680640,258.1612026108931,23.270067912273557,17.472404,166,105.3,CALIFA,8.87,-15.41,-0.55,0.27,0.55,0.43,
NGC7722,2819498871361179648,354.67173274061923,15.954692814245933,19.871435,167,58.3,CALIFA,8.92,-15.06,-1.32,0.37,0.48,0.43,
NGC6021,1193136559008171776,239.37788146621787,15.956088041389272,18.773575,168,78.5,CALIFA,8.53,-15.84,-0.15,0.13,0.59,0.43,
NGC0936,0,36.9060917,-1.1562806,nan,169,22.4,ATLAS3D,9.03,-14.46,-4.06,0.55,0.22,0.42,P
NGC0680,98128805734060416,27.44705125759752,21.970872924067365,17.925926,170,37.5,ATLAS3D,8.56,-15.47,-0.74,0.25,0.53,0.41,
NGC2859,702266911410086272,141.07720144506382,34.513485813852206,17.81672,171,27.0,ATLAS3D,8.47,-15.48,-0.78,0.25,0.53,0.41,P
NGC7738,2642962830593076608,356.0084739309384,0.5165980148653484,19.580557,172,97.8,CALIFA,8.65,-15.74,-0.67,0.17,0.54,0.4,
NGC1349,3275393466394151296,52.86463545167333,4.380890313514539,20.06961,173,93.9,CALIFA,8.4,-16.14,-0.5,0.05,0.55,0.39,
UGC11228,2111368646696177920,276.1927771045535,41.492732570853846,18.9723,174,90.3,CALIFA,8.67,-15.67,-0.97,0.19,0.51,0.38,
NGC4956,1516169123877176576,196.25394171132498,35.178043072730325,17.865314,175,77.7,CALIFA,8.49,-15.9,-0.78,0.12,0.53,0.38,
NGC2962,3851598960200916736,145.22471731122184,5.165842452355502,18.45283,176,34.0,ATLAS3D,8.68,-15.23,-1.78,0.32,0.43,0.38,P
NGC5473,1609405678392464256,211.18011177642802,54.892640474558895,17.591377,177,33.2,ATLAS3D,8.66,-15.25,-1.81,0.31,0.43,0.38,
NGC6081,4453376689287768704,243.2368696611562,9.867059534317795,19.608095,178,85.0,CALIFA,8.71,-15.57,-1.25,0.22,0.48,0.37,
NGC7824,2745637214966761600,1.2760024762608602,6.920138037053694,18.328802,179,88.1,CALIFA,8.92,-15.24,-1.9,0.32,0.42,0.37,
NGC4459,3932835444812915456,187.2501373992022,13.978559635854703,16.632202,180,16.1,ATLAS3D,8.38,-15.4,-1.59,0.27,0.45,0.37,P
UGC05771,828869868552059648,159.33059160594016,43.58758420293635,18.630283,181,114.3,CALIFA,9.04,-15.15,-2.16,0.34,0.4,0.37,
NGC5838,1153610760960621312,226.3593532740385,2.099263641221986,17.08745,182,21.8,ATLAS3D,8.78,-14.87,-3.2,0.43,0.3,0.37,P
NGC6150,1332887819789874688,246.45821853158057,40.48867730827769,20.38013,183,135.8,CALIFA,9.22,-14.93,-3.1,0.41,0.31,0.36,
NGC3998,841020502831092352,179.48388957149967,55.453590172541226,15.55,184,13.7,ATLAS3D,8.41,-15.27,-2.08,0.31,0.4,0.36,I
UGC08107,1558097831569646720,194.91559705281443,53.34126313693826,21.069714,185,128.6,CALIFA,8.63,-15.89,-1.18,0.12,0.49,0.36,
NGC4281,3900211839598792960,185.08968601240915,5.386441321971439,17.134565,186,24.4,ATLAS3D,8.88,-14.75,-4.3,0.46,0.19,0.36,P
NGC0023,2850540970830067200,2.4726052431566963,25.923868403650616,18.336325,187,65.7,CALIFA,8.58,-15.67,-1.41,0.19,0.47,0.36,
NGC7711,2819356553325060864,353.9140536424418,15.301971917544805,17.977234,188,58.8,CALIFA,8.6,-15.59,-1.65,0.21,0.44,0.35,
NGC6278,4571455678247052032,255.2096811621423,23.011042817882988,17.48536,189,48.6,CALIFA,8.38,-15.88,-1.43,0.12,0.46,0.34,P
UGC10205,1320310506280051200,241.66739268389583,30.099000659294177,20.507269,190,104.6,CALIFA,8.51,-15.99,-1.66,0.09,0.44,0.32,
NGC5687,1607001080823220608,218.71834428263708,54.47586296658499,17.810175,191,27.2,ATLAS3D,8.47,-15.48,-2.34,0.24,0.38,0.32,
NGC0160,2806212166692652544,9.017076256292428,23.957918196358502,18.182953,192,75.2,CALIFA,8.57,-15.76,-1.93,0.16,0.42,0.32,
NGC2974,3826119702372033920,145.638716028184,-3.699177308632236,17.385391,193,20.9,ATLAS3D,8.74,-14.92,-4.68,0.41,0.16,0.31,P
NGC7671,2812537996388154496,351.830583994753,12.467424581837395,17.79536,194,60.0,CALIFA,8.44,-15.87,-1.93,0.13,0.42,0.31,
NGC5987,1602092762131920896,234.98905579903888,58.079498786617805,18.220137,195,50.8,CALIFA,8.86,-15.1,-3.85,0.36,0.24,0.3,
NGC4036,1582823717775373312,180.36150152491584,61.89572940244117,17.864544,196,24.6,ATLAS3D,8.78,-14.91,-5.48,0.42,0.08,0.3,
NGC5308,1664109787782767616,206.75181499429277,60.97314807627263,16.5931,197,31.5,ATLAS3D,8.78,-15.03,-4.38,0.38,0.19,0.3,P
NGC3945,858930791332546944,178.3067005784559,60.67559028464348,17.58749,198,23.2,ATLAS3D,8.55,-15.27,-3.36,0.31,0.28,0.29,P
UGC05113,1068154483864765056,144.2378826288755,66.54865321894086,19.06921,199,103.6,CALIFA,8.68,-15.7,-2.46,0.18,0.37,0.29,
UGC08234,1675604769534689024,197.193774551422,62.27170957808912,17.430891,200,124.8,CALIFA,8.74,-15.69,-2.51,0.18,0.36,0.29,
NGC4233,3901695218222858496,184.28197244186535,7.62435680070112,19.136795,201,33.9,ATLAS3D,8.64,-15.3,-3.48,0.3,0.27,0.29,
NGC5406,1496022050766741504,210.0838404025886,38.91541870136082,18.986341,202,84.4,CALIFA,8.97,-15.14,-4.18,0.35,0.2,0.28,
NGC3230,3883731088010440192,155.93315387693298,12.567753820575238,18.729551,203,40.8,ATLAS3D,8.7,-15.27,-3.73,0.31,0.25,0.28,
NGC4762,0,193.2335375,11.2308,nan,204,22.6,ATLAS3D,8.69,-15.03,-5.73,0.38,0.06,0.27,P
NGC5908,1600582067513670656,229.1800327725207,55.40926143568455,19.714424,205,55.4,CALIFA,8.88,-15.1,-5.18,0.36,0.11,0.27,
NGC2639,1015402669038150016,130.90861769543056,50.20553946988518,18.71271,206,52.7,CALIFA,8.79,-15.23,-4.43,0.32,0.18,0.26,
UGC06036,774775648811770112,163.98023309506837,36.86152615109405,18.98065,207,101.6,CALIFA,8.8,-15.5,-3.41,0.24,0.28,0.26,
NGC4521,1583851688133901056,188.19855067759565,63.93918490966166,18.749166,208,39.7,ATLAS3D,8.71,-15.24,-4.65,0.32,0.16,0.25,
NGC0217,2425909820700864000,10.391221699677736,-10.021407954181978,18.944632,209,56.7,CALIFA,8.68,-15.45,-3.71,0.25,0.25,0.25,
UGC06312,3818630928675865984,169.5008049737858,7.8449120711920415,19.81178,210,100.7,CALIFA,8.57,-15.88,-2.87,0.12,0.33,0.25,
NGC4003,4001184081186664704,179.495940113022,23.12488683011289,19.819653,211,103.6,CALIFA,8.64,-15.78,-3.02,0.15,0.31,0.25,
NGC7683,2764365853649662464,352.2659083460521,11.445179413450054,18.668278,212,54.2,CALIFA,8.55,-15.65,-3.32,0.19,0.29,0.24,
IC0944,0,207.8787375,14.0921278,nan,213,112.4,CALIFA,8.95,-15.3,-4.52,0.3,0.17,0.24,
NGC0774,77752312651261312,29.89473181867464,14.008210791968441,18.642696,214,65.2,CALIFA,8.39,-15.99,-3.02,0.09,0.31,0.23,
UGC00036,2745618836798822656,1.3078317025908983,6.772001248898063,19.355547,215,90.5,CALIFA,8.52,-15.92,-3.16,0.11,0.3,0.23,
UGC10380,4466513997814333184,246.45801297997542,16.576127338751515,20.63196,216,137.9,CALIFA,8.53,-16.08,-3.02,0.06,0.31,0.23,
NGC2695,5763515433110947840,133.6128095020025,-3.0669439649695454,17.223846,217,31.5,ATLAS3D,8.41,-15.64,-3.69,0.19,0.25,0.22,
NGC5422,1657386480336972544,210.17507938081746,55.16440639768772,18.325045,218,30.8,ATLAS3D,8.43,-15.6,-3.82,0.21,0.24,0.22,I
NGC6278,4571455678247052032,255.2096811621423,23.011042817882988,17.48536,219,42.9,ATLAS3D,8.56,-15.53,-4.06,0.23,0.22,0.22,P
NGC6497,1423072890238485888,267.82488710489827,59.470869708967946,18.746262,220,95.5,CALIFA,8.58,-15.84,-3.44,0.13,0.27,0.22,
UGC08781,1250281820433487744,208.09475213644666,21.539351509157804,18.571733,221,120.9,CALIFA,8.61,-15.89,-3.39,0.12,0.28,0.21,
IC0674,778811474960747392,167.77648701820394,43.632976011571856,19.283215,222,116.7,CALIFA,8.36,-16.29,-3.26,0.0,0.29,0.21,
UGC12274,1883068663643856768,344.5816461053282,26.061923900074255,20.004038,223,112.1,CALIFA,8.77,-15.6,-4.2,0.21,0.2,0.21,
NGC7311,2706063424953077888,338.52829414004304,5.570325748720716,17.793262,224,66.9,CALIFA,8.63,-15.6,-4.24,0.21,0.2,0.2,
NGC7684,2644519910856412928,352.63347765364955,0.08104103537350724,17.781464,225,74.3,CALIFA,8.49,-15.88,-3.69,0.12,0.25,0.2,
NGC0364,2533126979097448192,16.17012811204089,-0.802747270294752,19.113268,226,72.8,CALIFA,8.45,-15.93,-3.66,0.11,0.25,0.19,
UGC03995,878482135300068992,116.03803160429138,29.247441919832564,18.319447,227,71.8,CALIFA,8.39,-16.04,-3.58,0.08,0.26,0.19,
IC4566,1391289101455226112,234.1756609560826,43.53931271302146,19.17546,228,92.3,CALIFA,8.44,-16.06,-3.61,0.07,0.26,0.19,
UGC09537,1293038529103616128,222.11148496115214,34.99805972952577,19.81204,229,138.5,CALIFA,8.88,-15.5,-5.17,0.24,0.11,0.19,
NGC5888,1392100094359820928,228.28071836528414,41.264622749032,19.57442,230,136.5,CALIFA,8.86,-15.54,-5.22,0.23,0.11,0.18,
NGC3160,802440873194351872,153.47948364338868,38.84288748788684,21.074018,231,106.9,CALIFA,8.44,-16.12,-3.94,0.05,0.23,0.16,
NGC2577,676569503603293440,125.68104262427481,22.55309532713348,17.574821,232,30.8,ATLAS3D,8.39,-15.67,-4.93,0.19,0.13,0.16,
NGC5493,3644140082614607616,212.87241334447938,-5.0436108912798385,16.756138,233,38.8,ATLAS3D,8.46,-15.65,-5.43,0.19,0.09,0.15,
IC1755,78020524769043584,29.29079342425652,14.549899869364072,19.932415,234,113.5,CALIFA,8.39,-16.23,-4.23,0.02,0.2,0.14,
NGC6547,4579538772333089152,271.2917566316414,25.232625395446547,17.949877,235,40.8,ATLAS3D,8.38,-15.81,-5.06,0.14,0.12,0.13,
NGC5934,1391032709087352064,232.05302346433302,42.929870447134746,20.159576,236,91.3,CALIFA,8.42,-16.09,-4.71,0.06,0.15,0.12,
NGC6060,1205233454655215104,241.4666594567971,21.48493503500601,21.07478,237,73.7,CALIFA,8.41,-16.02,-4.83,0.08,0.14,0.12,
NGC6941,4218390232432361472,309.09780885781663,-4.618734923343627,19.464622,238,94.8,CALIFA,8.42,-16.1,-4.79,0.06,0.15,0.11,
NGC7321,1874175607438718336,339.11673257576456,21.62177067786182,18.660833,239,104.9,CALIFA,8.4,-16.18,-4.94,0.03,0.13,0.1,
NGC6978,6913283022980111488,313.14764483114976,-5.711124218548967,19.13624,240,91.6,CALIFA,8.57,-15.84,-6.33,0.14,0.0,0.1,
NGC0180,2749658236362150272,9.490445034347273,8.635209558563492,20.171904,241,75.3,CALIFA,8.39,-16.06,-5.37,0.07,0.09,0.08,
NGC2347,0,109.0170292,64.7115389,nan,242,67.1,CALIFA,8.42,-15.96,-5.86,0.1,0.05,0.08,
NGC6478,1367766836885501312,267.1597578513642,51.15727900400964,19.07797,243,105.1,CALIFA,8.54,-15.95,-6.18,0.1,0.01,0.07,
UGC10337,4439801053580091392,244.86917043391247,7.278747087244878,20.245443,244,138.6,CALIFA,8.57,-16.02,-5.75,0.08,0.06,0.07,
NGC6301,1354298781518067968,257.1364369173053,42.339127773183606,21.417086,245,129.5,CALIFA,8.55,-16.03,-6.26,0.08,0.01,0.06,
UGC10710,1355154025469328512,256.71892042302926,43.122229242388535,19.104818,246,130.1,CALIFA,8.49,-16.12,-5.76,0.05,0.05,0.05,
