Name,Rank,D (Mpc),Survey,log Mbh,log h_0,LDA,h norm,LDA norm,Total score,Profile chosen,RA (deg),Dec (deg),Magnitude
NGC4073,1,91.5,MASSIVE,10.25,-13.04,4.08,0.98,0.99,0.99,C,181.1128,1.896,-26.33
NGC1016,2,95.2,MASSIVE,10.25,-13.06,3.86,0.98,0.97,0.97,C,39.5815,2.1193,-26.33
NGC2832,3,105.2,MASSIVE,10.3,-13.02,3.62,0.99,0.94,0.97,C,139.9453,33.7498,-26.42
NGC4486,4,17.2,ATLAS3D,9.72,-13.2,4.03,0.93,0.98,0.96,C,187.705933,12.3911,-25.31
NGC1060,5,67.4,MASSIVE,10.0,-13.32,4.21,0.9,1.0,0.95,,40.8127,32.425,-26.0
NGC0533,6,77.9,MASSIVE,10.03,-13.33,3.87,0.9,0.97,0.93,,21.3808,1.759,-26.05
NGC4472,7,17.1,ATLAS3D,9.8,-13.07,3.02,0.97,0.89,0.93,C,187.445,8.0004,-25.72
NGC4874,8,102.0,MASSIVE,10.13,-13.28,3.56,0.91,0.94,0.92,C,194.8988,27.9594,-26.18
NGC0410,9,71.3,MASSIVE,9.94,-13.45,3.93,0.86,0.97,0.92,,17.7453,33.152,-25.9
NGC7265,10,82.8,MASSIVE,9.95,-13.49,4.01,0.85,0.98,0.92,,335.6145,36.2098,-25.93
NGC1060,11,73.9,CALIFA,9.91,-13.51,3.92,0.84,0.97,0.91,,40.8127,32.425,-26.0
NGC0777,12,72.2,MASSIVE,9.95,-13.43,3.69,0.86,0.95,0.91,,30.0622,31.4294,-25.94
NGC0315,13,70.3,MASSIVE,10.22,-12.98,2.11,1.0,0.8,0.91,,14.4538,30.3524,-26.3
NGC1129,14,73.9,MASSIVE,10.1,-13.2,2.87,0.94,0.87,0.9,,43.6141,41.5796,-26.14
NGC4406,15,16.8,ATLAS3D,9.51,-13.54,3.84,0.83,0.97,0.9,C,186.549225,12.94597,-25.04
NGC0507,16,69.8,MASSIVE,9.95,-13.42,3.42,0.87,0.93,0.9,C,20.9164,33.2561,-25.93
NGC4374,17,18.5,ATLAS3D,9.48,-13.63,3.97,0.81,0.98,0.9,C,186.265747,12.88696,-25.12
NGC4261,18,30.8,ATLAS3D,9.71,-13.47,3.42,0.85,0.93,0.89,C,184.846924,5.82471,-25.18
NGC2258,19,59.0,MASSIVE,9.75,-13.68,3.96,0.79,0.98,0.89,,101.9425,74.4818,-25.66
NGC0708,20,69.0,MASSIVE,9.75,-13.74,4.03,0.77,0.98,0.88,,28.1937,36.1518,-25.65
NGC5846,21,24.2,ATLAS3D,9.46,-13.77,4.07,0.76,0.99,0.88,C,226.621887,1.605637,-25.01
NGC4472,22,16.7,MASSIVE,9.8,-13.04,1.59,0.98,0.75,0.87,C,187.445,8.0004,-25.72
NGC7436,23,106.6,MASSIVE,10.12,-13.33,2.56,0.9,0.84,0.87,,344.4897,26.15,-26.16
NGC2783,24,101.4,MASSIVE,9.8,-13.83,3.93,0.74,0.97,0.87,,138.4145,29.9929,-25.72
NGC5557,25,51.0,MASSIVE,9.61,-13.86,4.0,0.73,0.98,0.87,C,214.6071,36.4936,-25.46
NGC7626,26,54.0,MASSIVE,9.75,-13.64,3.35,0.8,0.92,0.86,I,350.1772,8.217,-25.65
NGC3842,27,99.4,MASSIVE,9.94,-13.6,3.04,0.81,0.89,0.85,C,176.009,19.9498,-25.91
NGC4914,28,74.5,MASSIVE,9.8,-13.69,3.3,0.78,0.91,0.85,,195.1789,37.3153,-25.72
NGC2274,29,73.8,MASSIVE,9.77,-13.74,3.43,0.77,0.93,0.85,,101.8224,33.5672,-25.69
NGC0080,30,81.9,MASSIVE,9.75,-13.82,3.55,0.75,0.94,0.85,,5.2952,22.3572,-25.66
NGC1573,31,65.0,MASSIVE,9.67,-13.85,3.63,0.74,0.95,0.85,,68.7666,73.2624,-25.55
NGC5322,32,34.2,MASSIVE,9.64,-13.63,2.94,0.8,0.88,0.84,C,207.3133,60.1904,-25.51
NGC3209,33,94.6,MASSIVE,9.67,-14.02,3.9,0.69,0.97,0.84,,155.1601,25.505,-25.55
NGC4636,34,14.3,ATLAS3D,9.17,-14.03,3.92,0.68,0.97,0.84,C,190.707779,2.68778,-24.36
NGC7436B,35,107.8,CALIFA,10.02,-13.49,2.41,0.85,0.83,0.84,,344.48979,26.15,-23.5
NGC1132,36,97.6,MASSIVE,9.79,-13.84,3.3,0.74,0.91,0.83,,43.2159,-1.2747,-25.7
NGC3562,37,101.0,MASSIVE,9.75,-13.91,3.47,0.72,0.93,0.83,,168.2445,72.8793,-25.65
NGC2672,38,61.5,MASSIVE,9.7,-13.78,3.13,0.76,0.9,0.83,,132.3412,19.075,-25.6
NGC4365,39,23.3,ATLAS3D,9.38,-13.89,3.39,0.72,0.92,0.83,C,186.117615,7.31752,-25.21
NGC4874,40,114.0,CALIFA,9.66,-14.11,3.85,0.66,0.97,0.83,C,194.8988,27.9594,-26.18
NGC5813,41,31.3,ATLAS3D,9.49,-13.83,3.18,0.74,0.9,0.83,C,225.296936,1.70197,-25.09
NGC4649,42,17.3,ATLAS3D,9.7,-13.23,1.13,0.93,0.71,0.82,C,190.916702,11.55261,-25.36
NGC0890,43,55.6,MASSIVE,9.64,-13.84,3.08,0.74,0.89,0.82,,35.5042,33.2661,-25.5
NGC0499,44,69.8,MASSIVE,9.64,-13.94,3.31,0.71,0.92,0.82,,20.7978,33.4601,-25.5
NGC3462,45,99.2,MASSIVE,9.72,-13.96,3.32,0.71,0.92,0.82,,163.8378,7.6967,-25.62
UGC02783,46,85.8,MASSIVE,9.59,-14.11,3.62,0.66,0.94,0.81,,53.5766,39.3568,-25.44
NGC7386,47,99.1,MASSIVE,9.7,-13.98,3.31,0.7,0.92,0.81,,342.5089,11.6987,-25.58
NGC0910,48,79.8,MASSIVE,9.52,-14.19,3.68,0.63,0.95,0.81,C,36.3616,41.8243,-25.33
NGC6173,49,136.7,CALIFA,9.71,-14.11,3.46,0.66,0.93,0.81,,247.43717,40.81161,-23.85
NGC3158,50,103.4,MASSIVE,10.2,-13.18,0.39,0.94,0.64,0.8,,153.4605,38.7649,-26.28
NGC7274,51,82.8,MASSIVE,9.56,-14.15,3.41,0.65,0.92,0.8,,336.0462,36.1259,-25.39
NGC6338,52,126.4,CALIFA,9.66,-14.17,3.38,0.64,0.92,0.79,,258.84583,57.41111,-23.48
NGC4555,53,103.6,MASSIVE,9.94,-13.62,1.88,0.81,0.78,0.79,,188.9216,26.523,-25.92
NGC3937,54,101.2,MASSIVE,9.72,-13.96,2.85,0.7,0.87,0.79,,178.1776,20.6313,-25.62
NGC7556,55,103.0,MASSIVE,9.89,-13.7,2.05,0.78,0.8,0.79,,348.9353,-2.3815,-25.83
NGC1684,56,63.5,MASSIVE,9.52,-14.09,2.87,0.66,0.87,0.78,,73.1298,-3.1061,-25.34
NGC7619,57,54.0,MASSIVE,9.75,-13.64,1.56,0.8,0.75,0.78,C,350.0605,8.2063,-25.65
NGC4816,58,102.0,MASSIVE,9.52,-14.3,3.3,0.6,0.91,0.77,,194.0506,27.7455,-25.33
IC0310,59,77.5,MASSIVE,9.52,-14.18,3.03,0.64,0.89,0.77,,49.1792,41.3248,-25.35
UGC03683,60,85.1,MASSIVE,9.66,-14.0,2.51,0.69,0.84,0.77,,107.0582,46.1159,-25.52
NGC5557,61,38.8,ATLAS3D,9.07,-14.64,3.84,0.5,0.97,0.77,C,214.6071,36.4936,-25.46
NGC7052,62,69.3,MASSIVE,9.75,-13.74,1.75,0.77,0.77,0.77,C,319.6377,26.4469,-25.67
NGC2320,63,89.4,MASSIVE,9.95,-13.53,0.93,0.84,0.69,0.77,,106.4251,50.5811,-25.93
NGC5322,64,30.3,ATLAS3D,9.39,-13.99,2.31,0.7,0.82,0.76,C,207.3133,60.1904,-25.51
NGC7550,65,73.8,CALIFA,9.23,-14.65,3.7,0.5,0.95,0.76,,348.81708,18.96136,-25.43
NGC6482,66,61.4,MASSIVE,9.7,-13.77,1.62,0.76,0.75,0.76,,267.9534,23.0719,-25.6
NGC2513,67,70.8,MASSIVE,9.66,-13.92,2.05,0.72,0.8,0.76,,120.6028,9.4136,-25.52
NGC0741,68,78.7,CALIFA,9.37,-14.44,3.25,0.56,0.91,0.75,,29.08733,5.62883,-26.06
NGC4841A,69,108.0,CALIFA,9.42,-14.5,3.22,0.54,0.91,0.75,,194.38325,28.47692,-22.83
NGC4168,70,30.9,ATLAS3D,9.01,-14.63,3.46,0.5,0.93,0.75,C,183.071808,13.205354,-24.03
NGC4552,71,15.8,ATLAS3D,8.85,-14.61,3.31,0.51,0.91,0.74,C,188.916183,12.55604,-24.29
NGC2513,72,71.1,CALIFA,9.41,-14.34,2.76,0.59,0.86,0.74,,120.6028,9.4136,-25.52
UGC03894,73,97.2,MASSIVE,9.7,-13.97,1.86,0.7,0.78,0.74,,113.2695,65.0791,-25.58
NGC1700,74,54.4,MASSIVE,9.7,-13.72,1.02,0.78,0.7,0.74,C,74.2347,-4.8658,-25.6
NGC3816,75,99.4,MASSIVE,9.57,-14.2,2.37,0.63,0.83,0.73,,175.4502,20.1036,-25.4
NGC4382,76,17.9,ATLAS3D,9.26,-13.99,1.79,0.7,0.77,0.73,C,186.35022,18.19108,-25.13
UGC12127,77,121.7,CALIFA,9.13,-15.04,3.84,0.38,0.96,0.73,,339.62258,35.32967,-23.47
NGC4816,78,110.1,CALIFA,9.35,-14.62,3.13,0.51,0.9,0.73,,194.0506,27.7455,-25.33
NGC0383,79,71.3,MASSIVE,9.87,-13.56,0.03,0.82,0.6,0.72,,16.854,32.4126,-25.81
NGC0810,80,109.4,CALIFA,9.43,-14.49,2.77,0.54,0.86,0.72,,31.369,13.25164,-22.84
NGC5490,81,78.6,MASSIVE,9.69,-13.91,1.21,0.72,0.72,0.72,,212.4888,17.5455,-25.57
NGC5029,82,136.0,CALIFA,9.35,-14.72,3.03,0.47,0.89,0.71,,198.15662,47.06328,-23.28
NGC6703,83,25.9,ATLAS3D,8.48,-15.45,3.91,0.25,0.97,0.71,P,281.828522,45.550648,-23.85
NGC0499,84,62.9,CALIFA,9.18,-14.66,2.85,0.49,0.87,0.71,,20.7978,33.4601,-25.5
NGC5198,85,39.6,ATLAS3D,8.82,-15.05,3.45,0.37,0.93,0.71,C,202.547546,46.67083,-24.1
NGC1453,86,56.4,MASSIVE,9.75,-13.66,0.04,0.8,0.61,0.71,,56.6136,-3.9688,-25.67
UGC10695,87,129.3,CALIFA,9.01,-15.25,3.64,0.31,0.95,0.7,,256.27333,43.04325,-22.7
NGC2693,88,74.4,MASSIVE,9.82,-13.67,-0.09,0.79,0.59,0.7,,134.2469,51.3474,-25.76
NGC3158,89,107.9,CALIFA,9.73,-13.97,0.93,0.7,0.69,0.7,,153.4605,38.7649,-26.28
NGC6575,90,106.0,MASSIVE,9.7,-14.01,0.96,0.69,0.69,0.69,,272.7395,31.1162,-25.58
IC1079,91,137.9,CALIFA,9.06,-15.21,3.33,0.33,0.92,0.69,,224.15054,9.36975,-23.21
NGC2418,92,74.1,MASSIVE,9.57,-14.08,1.06,0.67,0.7,0.69,,114.1563,17.8839,-25.42
NGC6125,93,77.0,CALIFA,9.15,-14.8,2.7,0.45,0.86,0.68,,244.79812,57.98411,-22.86
NGC0997,94,90.4,MASSIVE,9.57,-14.16,1.22,0.64,0.72,0.68,,39.3103,7.3056,-25.4
NGC2768,95,21.8,ATLAS3D,9.4,-13.84,0.09,0.74,0.61,0.68,I,137.906265,60.037209,-24.71
UGC10693,96,129.8,CALIFA,9.35,-14.69,2.4,0.48,0.83,0.68,,256.22071,41.86547,-23.39
NGC6223,97,86.7,MASSIVE,9.7,-13.92,0.34,0.71,0.63,0.68,,250.7679,61.5789,-25.59
NGC6515,98,106.2,CALIFA,8.84,-15.46,3.37,0.25,0.92,0.67,,269.35496,50.72811,-22.73
NGC6375,99,95.8,MASSIVE,9.66,-14.05,0.61,0.68,0.66,0.67,,262.3411,16.2067,-25.53
NGC6411,100,61.3,CALIFA,8.65,-15.53,3.24,0.23,0.91,0.66,,263.88675,60.81339,-22.42
NGC7562,101,52.7,CALIFA,8.92,-15.01,2.65,0.39,0.85,0.66,,348.98958,6.6875,-22.54
NGC5129,102,107.5,MASSIVE,9.94,-13.63,-1.35,0.8,0.47,0.66,,201.0417,13.9765,-25.92
NGC6020,103,71.8,CALIFA,8.52,-15.82,3.36,0.14,0.92,0.66,,239.28383,22.40456,-22.08
NGC7618,104,76.3,MASSIVE,9.59,-14.06,0.41,0.67,0.64,0.66,,349.9468,42.8526,-25.44
NGC3608,105,22.3,ATLAS3D,8.44,-15.44,2.99,0.26,0.88,0.65,C,169.245697,18.148531,-23.65
NGC5614,106,65.4,CALIFA,9.01,-14.96,2.31,0.4,0.82,0.65,,216.03162,34.85889,-22.77
NGC3414,107,24.5,ATLAS3D,8.69,-15.07,2.45,0.37,0.83,0.64,P,162.817673,27.974968,-23.98
NGC3607,108,22.2,ATLAS3D,9.08,-14.37,1.01,0.58,0.7,0.64,C,169.227737,18.051809,-24.74
NGC5485,109,25.2,ATLAS3D,8.61,-15.22,2.49,0.32,0.84,0.63,C,211.797134,55.001518,-23.61
UGC00029,110,127.5,CALIFA,8.58,-15.97,3.05,0.09,0.89,0.63,,1.14054,28.30167,-22.66
NGC4278,111,15.6,ATLAS3D,8.64,-14.95,2.04,0.4,0.79,0.63,C,185.02832,29.280619,-23.8
NGC6146,112,137.3,CALIFA,9.55,-14.37,0.8,0.58,0.68,0.63,,246.29304,40.89286,-23.48
NGC5631,113,36.3,CALIFA,8.4,-15.72,2.85,0.17,0.87,0.63,,216.638687,56.582664,-23.7
NGC0155,114,89.2,CALIFA,8.81,-15.43,2.56,0.26,0.84,0.62,,8.667,-10.76656,-22.41
NGC1167,115,70.2,MASSIVE,9.74,-13.78,-1.65,0.76,0.44,0.62,,45.4265,35.2056,-25.64
NGC0524,116,23.3,ATLAS3D,9.18,-14.23,-0.14,0.62,0.59,0.6,C,21.198778,9.538793,-24.71
NGC3665,117,33.1,ATLAS3D,9.43,-13.96,-1.22,0.7,0.48,0.6,,171.181793,38.762791,-24.92
NGC5485,118,36.7,CALIFA,8.56,-15.46,2.28,0.25,0.82,0.6,C,211.797134,55.001518,-23.61
NGC3615,119,101.2,MASSIVE,9.7,-13.99,-1.3,0.69,0.48,0.6,,169.5277,23.3973,-25.58
NGC3303,120,98.8,CALIFA,8.62,-15.79,2.33,0.15,0.82,0.59,,159.25037,18.13578,-22.33
NGC0665,121,74.6,MASSIVE,9.64,-13.97,-1.58,0.7,0.45,0.59,,26.2338,10.423,-25.51
NGC1167,122,70.6,CALIFA,9.66,-13.91,-1.96,0.72,0.41,0.59,,45.4265,35.2056,-25.64
NGC7426,123,80.0,MASSIVE,9.82,-13.7,-3.55,0.78,0.26,0.58,,344.0119,36.3614,-25.74
NGC5353,124,41.1,MASSIVE,9.61,-13.77,-2.98,0.76,0.32,0.58,,208.3613,40.2831,-25.45
NGC3805,125,99.4,MASSIVE,9.77,-13.87,-2.41,0.73,0.37,0.58,,175.1736,20.343,-25.69
NGC3379,126,10.3,ATLAS3D,8.38,-15.21,1.57,0.32,0.75,0.58,C,161.956665,12.58163,-23.8
NGC3193,127,33.1,ATLAS3D,8.77,-15.07,1.29,0.37,0.72,0.57,C,154.603683,21.893978,-24.63
NGC7619,128,54.9,CALIFA,8.42,-15.86,1.94,0.13,0.78,0.56,C,350.0605,8.2063,-25.65
NGC4494,129,16.6,ATLAS3D,8.51,-15.21,1.27,0.33,0.72,0.56,P,187.850143,25.774981,-24.11
NGC7025,130,75.4,CALIFA,9.39,-14.39,-0.58,0.57,0.55,0.56,,316.94721,16.33586,-22.73
NGC3613,131,28.3,ATLAS3D,8.89,-14.79,0.49,0.45,0.65,0.56,C,169.650543,57.999924,-24.26
NGC0661,132,30.6,ATLAS3D,8.4,-15.64,1.65,0.2,0.76,0.55,,26.060976,28.705988,-23.19
NGC0474,133,30.9,ATLAS3D,8.4,-15.64,1.64,0.19,0.76,0.55,P,20.027901,3.41527,-23.91
NGC2918,134,105.1,CALIFA,9.25,-14.77,0.18,0.46,0.62,0.54,,143.93346,31.70542,-25.49
NGC3106,135,96.4,CALIFA,8.87,-15.37,1.1,0.28,0.71,0.54,,151.02187,31.18547,-22.79
NGC7623,136,54.5,CALIFA,8.49,-15.76,1.45,0.16,0.74,0.53,,350.125,8.39578,-21.47
UGC10097,137,94.6,CALIFA,9.27,-14.68,-0.25,0.49,0.58,0.53,,238.93046,47.86733,-25.43
NGC4621,138,14.9,ATLAS3D,8.71,-14.81,-0.11,0.45,0.59,0.52,P,190.509674,11.64693,-24.14
NGC1497,139,87.8,MASSIVE,9.51,-14.26,-1.98,0.61,0.41,0.52,,60.5283,23.1329,-25.31
NGC3226,140,22.9,ATLAS3D,8.51,-15.35,0.82,0.28,0.68,0.52,P,155.862549,19.898439,-23.24
NGC4753,141,22.9,ATLAS3D,9.16,-14.26,-2.07,0.61,0.4,0.52,,193.092133,-1.19969,-25.09
NGC4477,142,16.5,ATLAS3D,8.42,-15.34,0.67,0.29,0.66,0.51,I,187.509048,13.636443,-23.75
NGC5208,143,105.0,MASSIVE,9.72,-13.98,-4.86,0.7,0.14,0.5,,203.1163,7.3166,-25.61
NGC5638,144,25.6,ATLAS3D,8.4,-15.58,0.76,0.22,0.67,0.5,,217.418289,3.233443,-23.8
NGC0447,145,80.1,CALIFA,8.73,-15.51,0.67,0.23,0.66,0.5,,18.90687,33.06778,-22.4
NGC0821,146,23.4,ATLAS3D,8.67,-15.07,-0.03,0.37,0.6,0.5,I,32.088123,10.99487,-23.99
NGC5966,147,73.5,CALIFA,8.53,-15.81,0.89,0.14,0.69,0.5,,233.96712,39.76889,-22.08
NGC7194,148,118.9,CALIFA,9.25,-14.82,-0.71,0.44,0.53,0.49,,330.87892,12.63678,-23.05
NGC4429,149,16.5,ATLAS3D,8.79,-14.72,-0.99,0.47,0.51,0.49,P,186.860657,11.10754,-24.32
NGC4526,150,16.4,ATLAS3D,8.92,-14.51,-1.74,0.54,0.44,0.49,,188.512619,7.69914,-24.62
NGC3615,151,105.4,CALIFA,9.15,-14.94,-0.47,0.41,0.56,0.49,,169.5277,23.3973,-25.58
NGC0169,152,66.2,CALIFA,9.51,-14.13,-3.95,0.65,0.23,0.49,,9.21504,23.99094,-21.87
NGC5353,153,35.2,ATLAS3D,9.35,-14.13,-4.06,0.65,0.22,0.49,,208.3613,40.2831,-25.45
NGC3640,154,26.3,ATLAS3D,8.88,-14.77,-1.01,0.46,0.51,0.48,C,170.278549,3.234764,-24.6
NGC7563,155,60.8,CALIFA,8.46,-15.85,0.67,0.13,0.66,0.48,,348.98312,13.19628,-21.54
NGC4697,156,11.4,ATLAS3D,8.63,-14.84,-1.06,0.44,0.5,0.47,P,192.149612,-5.80085,-23.93
NGC4596,157,16.5,ATLAS3D,8.37,-15.42,0.1,0.26,0.61,0.47,P,189.983063,10.176031,-23.63
NGC2554,158,64.0,CALIFA,8.87,-15.19,-0.31,0.33,0.57,0.47,,124.47283,23.47211,-22.59
NGC0932,159,57.5,CALIFA,8.46,-15.83,0.47,0.14,0.65,0.47,,36.97783,20.33264,-22.1
NGC4473,160,15.3,ATLAS3D,8.4,-15.35,-0.08,0.28,0.59,0.47,C,187.453659,13.42932,-23.77
NGC5866,161,14.9,ATLAS3D,8.52,-15.14,-0.53,0.35,0.55,0.46,,226.623169,55.763309,-24.0
NGC5784,162,86.6,CALIFA,8.87,-15.31,-0.31,0.3,0.57,0.45,,223.56858,42.55778,-22.61
NGC6945,163,59.3,CALIFA,9.16,-14.67,-2.11,0.49,0.4,0.45,,309.7525,-4.97256,-21.91
NGC0529,164,69.0,CALIFA,8.66,-15.56,-0.13,0.22,0.59,0.44,,21.41792,34.71294,-22.27
UGC10905,165,122.7,CALIFA,9.52,-14.39,-3.95,0.57,0.23,0.44,,263.52679,25.34394,-22.92
NGC6314,166,105.3,CALIFA,8.87,-15.41,-0.55,0.27,0.55,0.43,,258.16121,23.27006,-22.46
NGC7722,167,58.3,CALIFA,8.92,-15.06,-1.32,0.37,0.48,0.43,,354.67162,15.95483,-22.05
NGC6021,168,78.5,CALIFA,8.53,-15.84,-0.15,0.13,0.59,0.43,,239.37783,15.95622,-21.88
NGC0936,169,22.4,ATLAS3D,9.03,-14.46,-4.06,0.55,0.22,0.42,P,36.90609,-1.15628,-24.85
NGC0680,170,37.5,ATLAS3D,8.56,-15.47,-0.74,0.25,0.53,0.41,,27.447035,21.970827,-24.17
NGC2859,171,27.0,ATLAS3D,8.47,-15.48,-0.78,0.25,0.53,0.41,P,141.077286,34.513378,-24.13
NGC7738,172,97.8,CALIFA,8.65,-15.74,-0.67,0.17,0.54,0.4,,356.00842,0.51661,-22.23
NGC1349,173,93.9,CALIFA,8.4,-16.14,-0.5,0.05,0.55,0.39,,52.86475,4.38086,-22.44
UGC11228,174,90.3,CALIFA,8.67,-15.67,-0.97,0.19,0.51,0.38,,276.19279,41.49272,-22.1
NGC4956,175,77.7,CALIFA,8.49,-15.9,-0.78,0.12,0.53,0.38,,196.25396,35.17806,-22.38
NGC2962,176,34.0,ATLAS3D,8.68,-15.23,-1.78,0.32,0.43,0.38,P,145.224609,5.16582,-24.01
NGC5473,177,33.2,ATLAS3D,8.66,-15.25,-1.81,0.31,0.43,0.38,,211.180176,54.89262,-24.25
NGC6081,178,85.0,CALIFA,8.71,-15.57,-1.25,0.22,0.48,0.37,,243.23687,9.86711,-21.95
NGC7824,179,88.1,CALIFA,8.92,-15.24,-1.9,0.32,0.42,0.37,,1.276,6.92014,-22.26
NGC4459,180,16.1,ATLAS3D,8.38,-15.4,-1.59,0.27,0.45,0.37,P,187.250107,13.97858,-23.89
UGC05771,181,114.3,CALIFA,9.04,-15.15,-2.16,0.34,0.4,0.37,,159.33058,43.58758,-22.35
NGC5838,182,21.8,ATLAS3D,8.78,-14.87,-3.2,0.43,0.3,0.37,P,226.359467,2.099356,-24.13
NGC6150,183,135.8,CALIFA,9.22,-14.93,-3.1,0.41,0.31,0.36,,246.45833,40.48872,-22.65
NGC3998,184,13.7,ATLAS3D,8.41,-15.27,-2.08,0.31,0.4,0.36,I,179.484039,55.453564,-23.33
UGC08107,185,128.6,CALIFA,8.63,-15.89,-1.18,0.12,0.49,0.36,,194.91525,53.34131,-22.56
NGC4281,186,24.4,ATLAS3D,8.88,-14.75,-4.3,0.46,0.19,0.36,P,185.089691,5.38643,-24.01
NGC0023,187,65.7,CALIFA,8.58,-15.67,-1.41,0.19,0.47,0.36,,2.47254,25.92375,-22.47
NGC7711,188,58.8,CALIFA,8.6,-15.59,-1.65,0.21,0.44,0.35,,353.91417,15.30214,-22.02
NGC6278,189,48.6,CALIFA,8.38,-15.88,-1.43,0.12,0.46,0.34,P,255.209763,23.010956,-24.19
UGC10205,190,104.6,CALIFA,8.51,-15.99,-1.66,0.09,0.44,0.32,,241.66758,30.099,-22.32
NGC5687,191,27.2,ATLAS3D,8.47,-15.48,-2.34,0.24,0.38,0.32,,218.718201,54.475685,-23.22
NGC0160,192,75.2,CALIFA,8.57,-15.76,-1.93,0.16,0.42,0.32,,9.01708,23.95792,-22.18
NGC2974,193,20.9,ATLAS3D,8.74,-14.92,-4.68,0.41,0.16,0.31,P,145.638611,-3.699116,-23.62
NGC7671,194,60.0,CALIFA,8.44,-15.87,-1.93,0.13,0.42,0.31,,351.83054,12.46739,-21.76
NGC5987,195,50.8,CALIFA,8.86,-15.1,-3.85,0.36,0.24,0.3,,234.98908,58.07956,-22.15
NGC4036,196,24.6,ATLAS3D,8.78,-14.91,-5.48,0.42,0.08,0.3,,180.362045,61.895699,-24.4
NGC5308,197,31.5,ATLAS3D,8.78,-15.03,-4.38,0.38,0.19,0.3,P,206.751633,60.973038,-24.13
NGC3945,198,23.2,ATLAS3D,8.55,-15.27,-3.36,0.31,0.28,0.29,P,178.30719,60.67556,-24.31
UGC05113,199,103.6,CALIFA,8.68,-15.7,-2.46,0.18,0.37,0.29,,144.23787,66.54864,-21.76
UGC08234,200,124.8,CALIFA,8.74,-15.69,-2.51,0.18,0.36,0.29,,197.19379,62.27169,-22.76
NGC4233,201,33.9,ATLAS3D,8.64,-15.3,-3.48,0.3,0.27,0.29,,184.282043,7.624434,-23.88
NGC5406,202,84.4,CALIFA,8.97,-15.14,-4.18,0.35,0.2,0.28,,210.08383,38.91542,-22.57
NGC3230,203,40.8,ATLAS3D,8.7,-15.27,-3.73,0.31,0.25,0.28,,155.93309,12.567883,-24.18
NGC4762,204,22.6,ATLAS3D,8.69,-15.03,-5.73,0.38,0.06,0.27,P,193.233536,11.2308,-24.48
NGC5908,205,55.4,CALIFA,8.88,-15.1,-5.18,0.36,0.11,0.27,,229.18008,55.40925,-22.17
NGC2639,206,52.7,CALIFA,8.79,-15.23,-4.43,0.32,0.18,0.26,,130.90871,50.20553,-22.33
UGC06036,207,101.6,CALIFA,8.8,-15.5,-3.41,0.24,0.28,0.26,,163.98025,36.86153,-21.93
NGC4521,208,39.7,ATLAS3D,8.71,-15.24,-4.65,0.32,0.16,0.25,,188.198853,63.939293,-23.92
NGC0217,209,56.7,CALIFA,8.68,-15.45,-3.71,0.25,0.25,0.25,,10.39121,-10.02142,-21.9
UGC06312,210,100.7,CALIFA,8.57,-15.88,-2.87,0.12,0.33,0.25,,169.50087,7.84486,-21.91
NGC4003,211,103.6,CALIFA,8.64,-15.78,-3.02,0.15,0.31,0.25,,179.49592,23.12489,-22.0
NGC7683,212,54.2,CALIFA,8.55,-15.65,-3.32,0.19,0.29,0.24,,352.26587,11.44511,-21.74
IC0944,213,112.4,CALIFA,8.95,-15.3,-4.52,0.3,0.17,0.24,,207.87875,14.09214,-22.37
NGC0774,214,65.2,CALIFA,8.39,-15.99,-3.02,0.09,0.31,0.23,,29.89475,14.00822,-21.55
UGC00036,215,90.5,CALIFA,8.52,-15.92,-3.16,0.11,0.3,0.23,,1.30783,6.772,-21.69
UGC10380,216,137.9,CALIFA,8.53,-16.08,-3.02,0.06,0.31,0.23,,246.45804,16.57614,-21.85
NGC2695,217,31.5,ATLAS3D,8.41,-15.64,-3.69,0.19,0.25,0.22,,133.612778,-3.067101,-23.64
NGC5422,218,30.8,ATLAS3D,8.43,-15.6,-3.82,0.21,0.24,0.22,I,210.175262,55.164478,-23.69
NGC6278,219,42.9,ATLAS3D,8.56,-15.53,-4.06,0.23,0.22,0.22,P,255.209763,23.010956,-24.19
NGC6497,220,95.5,CALIFA,8.58,-15.84,-3.44,0.13,0.27,0.22,,267.82487,59.47086,-22.09
UGC08781,221,120.9,CALIFA,8.61,-15.89,-3.39,0.12,0.28,0.21,,208.09475,21.53936,-22.37
IC0674,222,116.7,CALIFA,8.36,-16.29,-3.26,0.0,0.29,0.21,,167.7765,43.633,-22.07
UGC12274,223,112.1,CALIFA,8.77,-15.6,-4.2,0.21,0.2,0.21,,344.5815,26.06197,-22.08
NGC7311,224,66.9,CALIFA,8.63,-15.6,-4.24,0.21,0.2,0.2,,338.52817,5.57031,-22.45
NGC7684,225,74.3,CALIFA,8.49,-15.88,-3.69,0.12,0.25,0.2,,352.63346,0.08106,-21.69
NGC0364,226,72.8,CALIFA,8.45,-15.93,-3.66,0.11,0.25,0.19,,16.17029,-0.80267,-21.56
UGC03995,227,71.8,CALIFA,8.39,-16.04,-3.58,0.08,0.26,0.19,,116.03804,29.24744,-22.12
IC4566,228,92.3,CALIFA,8.44,-16.06,-3.61,0.07,0.26,0.19,,234.17567,43.53931,-21.96
UGC09537,229,138.5,CALIFA,8.88,-15.5,-5.17,0.24,0.11,0.19,,222.11158,34.99811,-22.64
NGC5888,230,136.5,CALIFA,8.86,-15.54,-5.22,0.23,0.11,0.18,,228.28075,41.26461,-22.74
NGC3160,231,106.9,CALIFA,8.44,-16.12,-3.94,0.05,0.23,0.16,,153.47929,38.84297,-21.51
NGC2577,232,30.8,ATLAS3D,8.39,-15.67,-4.93,0.19,0.13,0.16,,125.681137,22.55304,-23.41
NGC5493,233,38.8,ATLAS3D,8.46,-15.65,-5.43,0.19,0.09,0.15,,212.872421,-5.043663,-24.49
IC1755,234,113.5,CALIFA,8.39,-16.23,-4.23,0.02,0.2,0.14,,29.29087,14.54978,-21.69
NGC6547,235,40.8,ATLAS3D,8.38,-15.81,-5.06,0.14,0.12,0.13,,271.291748,25.232645,-23.6
NGC5934,236,91.3,CALIFA,8.42,-16.09,-4.71,0.06,0.15,0.12,,232.05317,42.92983,-21.8
NGC6060,237,73.7,CALIFA,8.41,-16.02,-4.83,0.08,0.14,0.12,,241.46658,21.48497,-22.23
NGC6941,238,94.8,CALIFA,8.42,-16.1,-4.79,0.06,0.15,0.11,,309.09779,-4.61872,-22.39
NGC7321,239,104.9,CALIFA,8.4,-16.18,-4.94,0.03,0.13,0.1,,339.11675,21.62178,-22.48
NGC6978,240,91.6,CALIFA,8.57,-15.84,-6.33,0.14,0.0,0.1,,313.14762,-5.71111,-22.15
NGC0180,241,75.3,CALIFA,8.39,-16.06,-5.37,0.07,0.09,0.08,,9.49037,8.63522,-22.31
NGC2347,242,67.1,CALIFA,8.42,-15.96,-5.86,0.1,0.05,0.08,,109.01704,64.71153,-22.12
NGC6478,243,105.1,CALIFA,8.54,-15.95,-6.18,0.1,0.01,0.07,,267.15975,51.15728,-22.57
UGC10337,244,138.6,CALIFA,8.57,-16.02,-5.75,0.08,0.06,0.07,,244.86925,7.27878,-22.17
NGC6301,245,129.5,CALIFA,8.55,-16.03,-6.26,0.08,0.01,0.06,,257.13642,42.33914,-22.76
UGC10710,246,130.1,CALIFA,8.49,-16.12,-5.76,0.05,0.05,0.05,,256.71892,43.12222,-22.12
