No.,Object Name,RA-s,Dec-s,RA,Dec,Object Type,cz (Velocity),Redshift (z),z flag,Reference,Note,Photometry,Position,Redshift,Diameter,Distances,Classification,Images,Spectra
1,LBQS 0009-0138,00h12m10.8907s,-01d22m07.630s,3.0453782,-1.3687861,QSO,599285.123542,1.999,SUN,60,0,20,11,8,0,0,1,0,0
2,LBQS 0020+0058,00h23m03.1572s,+01d15m33.607s,5.7631551,1.2593353,QSO,218530.114749604,0.728938,SUN,66,0,55,22,31,4,0,1,0,1
3,MRK 0504,17h01m07.7809s,+29d24m24.588s,255.2824208,29.4068301,G,10823.107318716,0.036102,SUN,136,3,62,21,20,10,0,5,2,1
4,FBQS J0200+0125,02h00m03.9391s,+01d25m11.952s,30.0164131,1.4199868,QSO,350757.163868302,1.16999996,SUN,47,0,43,13,3,0,0,1,0,0
5,[HB89] 0246+009,02h49m28.8674s,+01d09m24.559s,42.3702809,1.156822,QSO,285784.733345989,0.95327526,SLS,52,0,50,14,24,8,0,1,0,2
6,[HB89] 0316-346,03h18m06.4855s,-34d26m35.998s,49.527023,-34.443333,QSO,79801.7519966803,0.266189992,UUN,33,2,26,6,5,0,0,1,2,0
7,[HB89] 0838+456,08h42m15.3520s,+45d25m44.181s,130.5639666666,45.4289391666,QSO,422142.586768374,1.4081161,SLS,83,1,72,28,20,8,0,1,0,1
8,PG 1302-102,13h05m33.0150s,-10d33m19.428s,196.387562647917,-10.5553967227778,QSO,83291.638398598,0.277831,UUN,488,16,126,81,85,0,0,2,35,5
9,3C 298,14h19m08.1801s,+06d28m34.803s,214.784084079167,6.47633420555556,QSO,430564.35649851,1.4362081,SLS,428,9,193,78,55,12,0,4,16,2
10,[HB89] 1729+501,17h31m03.6000s,+50d07m34.000s,262.765,50.12611111111,QSO,331870.248008075,1.10699999,SUN,49,1,15,7,2,0,0,1,4,0
11,[HB89] 2153-204,21h56m33.7560s,-20d12m30.894s,329.14065,-20.2085816666,QSO,392428.333517849,1.30900002,SUN,61,0,28,18,4,0,0,2,0,0
12,WISEA J131706.19+271416.7,13h17m06.1965s,+27d14m16.767s,199.275819,27.2379909,QSO,799902.339133646,2.668187,SLS,29,0,26,10,14,4,0,0,0,1
13,SDSS J104430.25+051857.2,10h44m30.2592s,+05d18m57.317s,161.12608,5.3159216,QSO,271395.954490313,0.90527946,SLS,43,0,42,16,21,8,0,1,0,0
14,WISEA J105722.27-035132.0,10h57m22.2741s,-03d51m32.078s,164.3428091,-3.8589108,G,164885.8519,0.55,SUN,16,1,30,9,4,0,0,1,0,0
15,WISEA J151806.62+013134.2,15h18m06.6253s,+01d31m34.209s,229.5276056,1.5261692,QSO,419917.077456411,1.4006926,SLS,22,0,31,10,8,4,0,1,0,0
16,SBS 1027+555,10h30m24.9581s,+55d16m22.603s,157.6039922,55.2729453,QSO,130318.837146357,0.43469685,SLS,85,0,71,34,29,8,0,1,0,1
17,WISE J124044.49+231045.9,12h40m44.4900s,+23d10m45.900s,190.185375,23.17941666667,QSO,216600.050905,0.7225,SLS,25,0,15,12,7,0,0,0,0,0
18,WISEA J133654.44+171040.5,13h36m54.4445s,+17d10m40.520s,204.2268524,17.1779223,QSO,369623.834743839,1.2329324,SLS,27,0,27,13,7,4,0,1,0,0
19,WISEA J024251.91-232633.6,02h42m51.9176s,-23d26m33.605s,40.7163234,-23.4426682,QSO,203858.873538547,0.680000007,SUN,11,0,16,4,2,0,0,1,0,0
20,GALEX 2684543448424384001,11h03m27.4330s,+29d48m10.249s,165.86430416667,29.80284694444,QSO,269813.205004981,0.899999976,SUN,10,0,8,4,3,0,0,0,0,0
21,WISEA J095123.93+354248.8,09h51m23.9319s,+35d42m48.881s,147.8497163,35.7135782,QSO,119443.715836178,0.39842135,SLS,45,0,54,18,17,8,0,1,0,1
22,WISEA J093819.25+361858.7,09h38m19.2563s,+36d18m58.712s,144.5802348,36.3163089,QSO,502864.674030208,1.677376,SLS,27,0,45,10,12,8,0,1,0,1
23,FBQS J172354.2+374841,17h23m54.3022s,+37d48m41.338s,260.9762594,37.8114829,QSO,248360.363697978,0.828441,SUN,26,0,29,10,9,4,0,1,0,1
24,WISEA J141040.28-101729.7,14h10m40.2800s,-10d17m29.730s,212.6678337,-10.2915919,QSO,264416.956649981,0.882000029,SUN,5,0,22,5,2,0,0,1,0,0
25,WISEA J125029.08+063610.5,12h50m29.0822s,+06d36m10.511s,192.621176,6.6029198,QSO,39558.2833702813,0.13195223,SLS,26,0,47,16,9,4,0,1,0,1
26,FBQS J163302.6+234928,16h33m02.6603s,+23d49m28.531s,248.2610846,23.824592,QSO,246133.74515392,0.8210138,SLS,51,0,52,12,14,8,0,1,0,3
27,GALEXASC J042630.15+070530.4,04h26m30.0912s,+07d05m30.084s,66.62538,7.09169,QSO,51504.3442844,0.1718,SUN,11,0,4,5,3,0,0,1,0,1
28,WISEA J092952.17+355449.8,09h29m52.1788s,+35d54m49.848s,142.467412,35.9138467,QSO,643007.365263899,2.1448417,SLS,40,0,47,13,16,8,0,2,0,2
29,WISEA J171719.98+212815.2,17h17m19.9881s,+21d28m15.248s,259.3332839,21.4709024,QSO,176877.542425396,0.589999974,SUN,12,0,22,7,3,0,0,1,0,1
30,WISEA J222221.12+195947.5,22h22m21.1273s,+19d59m47.535s,335.5880307,19.9965375,G,62548.69843712,0.20864,UUN,28,1,48,17,10,0,0,1,1,1
31,WISEA J041146.90+132416.7,04h11m46.9001s,+13d24m16.710s,62.9454174,13.4046417,QSO,83042.5138639246,0.27700001,SUN,15,0,22,5,2,0,0,1,0,0
32,FBQS J081740.1+232731,08h17m40.1302s,+23d27m31.519s,124.4172092,23.4587553,QSO,267078.325522649,0.8908774,SLS,35,0,52,10,12,8,0,1,0,2
33,WISEA J072908.72+400836.7,07h29m08.7239s,+40d08m36.766s,112.2863498,40.1435463,G,22197.2979304069,0.074042216,SLS,27,0,63,12,8,10,0,1,1,1
34,SBS 0920+590,09h23m58.7834s,+58d49m06.300s,140.9949309,58.8184168,QSO,212557.817285104,0.70901656,SLS,47,0,79,13,19,8,0,1,0,1
35,WISEA J094715.55+631716.5,09h47m15.5519s,+63d17m16.500s,146.8147998,63.2879169,QSO,145962.874005001,0.48687974,SLS,35,0,63,12,17,8,0,1,0,1
36,WISEA J172656.95+600348.4,17h26m56.9574s,+60d03m48.446s,261.7373227,60.0634573,QSO,296479.781318346,0.9889501,SLS,31,0,60,13,18,8,0,1,0,1
37,WISEA J082716.85+490534.3,08h27m16.8593s,+49d05m34.390s,126.8202474,49.0928863,QSO,204503.275328471,0.6821495,SLS,34,0,51,10,15,8,0,1,0,1
38,WISEA J121018.34+015405.9,12h10m18.3450s,+01d54m05.925s,182.5764375,1.9016459,QSO,64618.6484405514,0.21554461,SLS,49,0,64,18,19,8,0,1,0,2
39,WISEA J140600.26+013252.2,14h06m00.2619s,+01d32m52.299s,211.5010913,1.5478609,QSO,136051.483517856,0.4538189,SLS,38,0,72,15,19,8,0,1,0,1
40,WISEA J150450.16+012215.5,15h04m50.1642s,+01d22m15.568s,226.2090177,1.3709911,QSO,289891.572240584,0.9669742,SLS,36,0,57,12,17,8,0,1,0,1
41,WISEA J154409.61+024040.0,15h44m09.6133s,+02d40m40.013s,236.0400554,2.6777814,QSO,288433.279795436,0.96210986,SLS,37,0,49,10,18,8,0,1,0,1
42,WISEA J164452.71+430752.2,16h44m52.7140s,+43d07m52.244s,251.2196419,43.131179,QSO,513539.384082214,1.712983,SLS,42,0,57,12,19,8,0,4,0,1
43,WISEA J165136.76+434741.1,16h51m36.7648s,+43d47m41.180s,252.9031869,43.7947724,QSO,480843.029297623,1.6039197,SLS,33,0,45,10,17,8,0,1,0,1
44,WISEA J221925.15-305407.8,22h19m25.1595s,-30d54m07.858s,334.8548314,-30.9021829,QSO,173268.948403054,0.577963,SLS,7,0,17,4,2,0,0,1,0,1
45,WISEA J161013.66+311756.4,16h10m13.6698s,+31d17m56.420s,242.5569578,31.2990057,QSO,73565.9513516368,0.2453896,SLS,36,0,74,13,13,8,0,1,0,1
46,WISEA J082827.84+400333.9,08h28m27.8470s,+40d03m33.926s,127.1160295,40.0594241,QSO,290525.351484343,0.96908826,SLS,38,0,50,15,17,8,0,1,0,1
47,WISEA J081617.73+293639.6,08h16m17.7364s,+29d36m39.669s,124.0739018,29.6110193,QSO,230621.823833593,0.7692716,SLS,34,0,49,10,15,8,0,1,0,1
48,WISEA J080237.59+340446.3,08h02m37.5930s,+34d04m46.304s,120.6566376,34.0795291,QSO,335740.061991601,1.1199083,SLS,33,0,45,9,14,8,0,1,0,1
49,WISEA J221016.97+122213.8,22h10m16.9790s,+12d22m13.881s,332.5707461,12.3705225,QSO,214544.553895969,0.7156436,SLS,29,0,43,11,15,8,0,1,0,1
50,WISEA J123147.28+101705.0,12h31m47.2832s,+10d17m05.052s,187.9470135,10.2847367,QSO,520570.536516671,1.7364364,SLS,34,0,44,13,18,8,0,2,0,1
51,WISEA J102349.38+522151.2,10h23m49.3861s,+52d21m51.271s,155.9557757,52.3642422,QSO,286615.928921266,0.95604783,SLS,41,0,71,17,20,6,0,1,0,1
52,WISEA J095000.73+483129.3,09h50m00.7375s,+48d31m29.346s,147.5030733,48.5248184,QSO,176642.183161224,0.5892149,SLS,76,0,63,23,29,8,0,1,0,2
53,WISEA J134855.28-032141.4,13h48m55.2834s,-03d21m41.438s,207.2303478,-3.3615106,QSO,629169.724863009,2.0986843,SLS,37,0,59,11,16,8,0,2,0,1
54,WISEA J103111.52+491926.5,10h31m11.5296s,+49d19m26.558s,157.7980403,49.324044,QSO,361381.550758308,1.2054391,SLS,37,0,48,12,17,8,0,1,0,1
55,WISEA J224829.47+144418.0,22h48m29.4703s,+14d44m18.040s,342.1227933,14.7383445,QSO,126919.667342646,0.42335844,SLS,38,0,54,13,15,8,0,1,0,1
56,WISEA J123821.84+030024.2,12h38m21.8461s,+03d00m24.269s,189.5910257,3.0067414,QSO,113980.852697634,0.3801992,SLS,24,0,58,9,11,8,0,1,0,1
57,SDSS J014350.13+141453.0,01h43m50.1410s,+14d14m53.109s,25.958921,14.248086,QSO,430633.30876385,1.4364381,SLS,28,0,34,9,16,8,0,1,0,1
58,WISEA J155449.10+084204.8,15h54m49.1071s,+08d42m04.803s,238.7046133,8.7013342,QSO,235703.695726888,0.7862229,SLS,40,0,63,14,18,8,0,1,0,1
59,WISEA J082121.89+250817.7,08h21m21.8904s,+25d08m17.731s,125.3412103,25.1382586,QSO,572423.689325954,1.9093999,SLS,32,0,50,12,14,8,0,2,0,1
60,WISEA J132103.41+123748.2,13h21m03.4167s,+12d37m48.254s,200.2642366,12.6300706,QSO,205903.983638286,0.68682176,SLS,36,0,44,15,20,8,0,1,0,1
61,WISEA J081133.41+065558.3,08h11m33.4189s,+06d55m58.367s,122.8892456,6.9328799,QSO,379525.110233451,1.2659595,SLS,26,0,46,10,13,8,0,1,0,1
62,WISEA J121457.38+132024.5,12h14m57.3845s,+13d20m24.527s,183.7391023,13.3401466,QSO,446802.405131359,1.4903724,SLS,27,0,44,10,12,8,0,1,0,1
63,WISEA J091554.49+352949.8,09h15m54.4983s,+35d29m49.801s,138.9770764,35.4971672,QSO,268523.74487965,0.8956988,SLS,28,0,45,12,14,8,0,1,0,1
64,WISEA J083349.55+232809.0,08h33m49.5592s,+23d28m09.010s,128.4564969,23.4691696,QSO,346827.496320536,1.156892,SLS,29,0,47,10,12,6,0,0,0,1
65,WISEA J125414.23+131348.1,12h54m14.2316s,+13d13m48.126s,193.5592984,13.2300352,QSO,196301.868044588,0.65479255,SLS,30,0,37,9,15,8,0,0,0,1
66,WISEA J115141.81+142156.6,11h51m41.8179s,+14d21m56.623s,177.9242416,14.3657288,QSO,299886.952582762,1.0003152,SLS,24,0,37,8,12,6,0,0,0,1
67,WISEA J114857.34+160023.0,11h48m57.3406s,+16d00m23.054s,177.2389192,16.006404,QSO,368940.188022616,1.230652,SLS,26,0,38,8,13,8,0,0,0,1
68,WISEA J161854.63+230859.1,16h18m54.6359s,+23d08m59.100s,244.7276496,23.1497501,QSO,168169.598609457,0.5609534,SLS,23,0,45,7,9,8,0,0,0,1
69,WISEA J124157.90+130104.0,12h41m57.9070s,+13d01m04.084s,190.4912792,13.0178013,QSO,367925.210676811,1.2272664,SLS,25,0,42,9,12,8,0,0,0,1
70,WISEA J143820.61+055447.8,14h38m20.6133s,+05d54m47.835s,219.585889,5.9132875,QSO,184090.55675948,0.61406,SLS,29,0,49,12,14,8,0,0,0,1
71,WISEA J084146.18+503600.9,08h41m46.1899s,+50d36m00.916s,130.442458,50.6002545,UvES,166442.13450797,0.5551912,SLS,11,0,23,8,7,4,0,0,0,0
72,WISEA J114438.33+262609.6,11h44m38.3395s,+26d26m09.634s,176.1597483,26.4360096,QSO,30100.961537948,0.100406,SLS,23,0,25,9,13,4,0,0,0,1
73,WISEA J131204.70+064107.6,13h12m04.7038s,+06d41m07.627s,198.0195994,6.6854522,QSO,72497.8148071794,0.24182668,SLS,34,0,29,20,17,4,0,0,0,0
74,SDSS J1536+0441,15h36m36.2232s,+04d41m27.011s,234.15093,4.6908366,QSO,116600.789952813,0.38893837,SLS,51,0,5,11,13,4,0,0,0,0
75,WISEA J104941.01+085548.4,10h49m41.0100s,+08d55m48.458s,162.420875,8.9301273,QSO,355815.154294393,1.1868716,SLS,19,0,21,9,8,4,0,0,0,0
76,WISEA J143621.29+072720.9,14h36m21.2934s,+07d27m20.922s,219.0887227,7.4558117,QSO,266854.488481808,0.89013076,SLS,28,0,35,13,18,4,0,0,0,1
77,WISEA J131909.08+090814.7,13h19m09.0825s,+09d08m14.770s,199.7878441,9.1374362,QSO,264370.719958976,0.8818458,SLS,22,0,25,9,14,4,0,0,0,1
78,WISEA J142301.96+101500.1,14h23m01.9669s,+10d15m00.161s,215.7581958,10.2500449,QSO,314332.662026212,1.0485009,SLS,25,0,31,10,14,4,0,0,0,1
79,WISEA J144755.57+100040.1,14h47m55.5798s,+10d00m40.151s,221.9815827,10.0111533,QSO,202988.424038197,0.6770965,SLS,24,0,25,9,15,4,0,0,0,1
80,WISEA J135225.80+132853.3,13h52m25.8048s,+13d28m53.334s,208.10752,13.4814819,QSO,120685.95085477,0.402565,SLS,22,0,27,9,12,4,0,0,0,1
81,SDSS J152035.23+095925.2,15h20m35.2344s,+09d59m25.275s,230.14681,9.9903543,QSO,312944.71288341,1.0438712,SLS,17,0,9,3,7,4,0,0,0,1
82,WISEA J144754.62+132610.1,14h47m54.6208s,+13d26m10.177s,221.977587,13.4361605,QSO,171389.129774411,0.5716926,SLS,19,0,27,8,6,4,0,0,0,0
83,WISEA J114749.69+163106.8,11h47m49.6935s,+16d31m06.849s,176.9570566,16.5185692,QSO,166138.534685753,0.5541785,SLS,14,0,27,6,5,4,0,0,0,0
84,WISEA J130040.61+172758.2,13h00m40.6116s,+17d27m58.281s,195.1692153,17.4661893,QSO,258941.460557049,0.86373574,SLS,20,0,21,9,8,4,0,0,0,0
85,WISEA J094450.77+151237.1,09h44m50.7779s,+15d12m37.113s,146.2115748,15.2103093,QSO,633395.119683044,2.1127787,SLS,25,0,26,11,9,4,0,0,0,0
86,WISEA J102255.23+172156.0,10h22m55.2365s,+17d21m56.059s,155.7301522,17.365572,QSO,318275.382537599,1.0616524,SLS,21,0,27,9,7,4,0,0,0,0
87,WISEA J121018.65+185726.2,12h10m18.6581s,+18d57m26.222s,182.5777421,18.9572841,QSO,455917.564837603,1.5207773,SLS,23,0,30,11,8,4,0,0,0,0
88,WISEA J133631.46+175613.8,13h36m31.4606s,+17d56m13.813s,204.1310859,17.9371705,QSO,126360.938142822,0.42149472,SLS,20,0,27,9,7,4,0,0,0,0
89,WISEA J133516.18+183341.3,13h35m16.1836s,+18d33m41.386s,203.8174319,18.5614962,QSO,357065.618615957,1.1910427,SLS,22,0,21,9,7,4,0,0,0,0
90,WISEA J133127.31+182417.0,13h31m27.3161s,+18d24m17.035s,202.8638171,18.404732,QSO,280703.517998177,0.93632615,SLS,21,0,27,9,7,4,0,0,0,0
91,WISEA J141425.92+171811.3,14h14m25.9241s,+17d18m11.312s,213.6080173,17.3031424,QSO,123579.796487126,0.41221783,SLS,20,0,27,9,8,4,0,0,0,0
92,WISEA J124119.04+203452.7,12h41m19.0447s,+20d34m52.799s,190.329353,20.5813333,QSO,448142.297543144,1.4948418,SLS,19,0,21,8,7,4,0,0,0,0
93,WISEA J134820.42+194831.5,13h48m20.4236s,+19d48m31.542s,207.0850986,19.8087618,*,177936.417181656,0.593532,SLS,7,0,23,6,4,4,0,0,0,0
94,WISEA J121056.82+231912.5,12h10m56.8248s,+23d19m12.558s,182.7367701,23.3201551,QSO,378449.724707359,1.2623724,SLS,19,0,20,9,8,4,0,0,0,0
95,WISEA J115346.39+241829.5,11h53m46.3986s,+24d18m29.520s,178.4433275,24.3082001,QSO,225502.226057383,0.75219446,SLS,18,0,21,8,12,4,0,0,0,1
96,WISEA J152157.02+181018.7,15h21m57.0255s,+18d10m18.711s,230.4876063,18.1718642,QSO,218821.51301878,0.72991,SLS,19,0,33,10,8,4,0,0,0,0
97,WISEA J160730.33+144904.3,16h07m30.3362s,+14d49m04.346s,241.876401,14.8178739,QSO,540039.178656174,1.8013768,SLS,21,0,25,9,9,4,0,0,0,0
98,WISEA J113916.47+254412.7,11h39m16.4763s,+25d44m12.770s,174.8186513,25.7368808,QSO,302726.466827954,1.0097868,SLS,22,0,23,9,13,3,0,0,0,1
99,WISEA J113050.22+261211.4,11h30m50.2212s,+26d12m11.426s,172.7092551,26.2031741,QSO,302952.090631845,1.0105394,SLS,24,0,27,9,12,4,0,0,0,1
100,WISEA J092911.36+203708.6,09h29m11.3600s,+20d37m08.660s,142.2973336,20.6190724,QSO,554312.087726834,1.8489861,SLS,27,0,22,11,16,4,0,0,0,1
101,WISEA J104758.34+284555.8,10h47m58.3425s,+28d45m55.852s,161.9930941,28.7655146,QSO,103654.441523332,0.345754,SLS,21,0,21,8,12,4,0,0,0,1
102,WISEA J155647.79+181531.7,15h56m47.7928s,+18d15m31.730s,239.1991369,18.258814,QSO,449549.313486276,1.4995351,SLS,22,0,22,7,12,4,0,0,0,1
103,WISEA J140704.43+273556.6,14h07m04.4399s,+27d35m56.685s,211.7684999,27.5990793,QSO,664293.709034747,2.2158453,SLS,33,0,37,16,19,4,0,0,0,1
104,WISEA J082926.02+180021.0,08h29m26.0286s,+18d00m21.039s,127.3584525,18.0058442,QSO,242829.582578073,0.8099923,SLS,20,0,23,8,11,4,0,0,0,1
105,WISEA J110554.77+322953.7,11h05m54.7752s,+32d29m53.736s,166.47823,32.49826,G,45119.964098832,0.150504,SLS,13,0,33,10,8,4,0,0,0,1
106,WISEA J080648.70+184037.7,08h06m48.7085s,+18d40m37.735s,121.7029521,18.6771486,*,223222.496281466,0.7445901,SLS,11,0,17,5,5,4,0,0,0,0
107,SDSS J133807.69+360220.3,13h38m07.6968s,+36d02m20.310s,204.53207,36.038975,QSO,359080.403809191,1.1977633,SLS,22,0,5,6,9,4,0,0,0,1
108,WISEA J080809.57+311518.7,08h08m09.5688s,+31d15m19.101s,122.03987,31.255306,*,792261.948466041,2.6427014,SLS,11,0,21,6,4,4,0,0,0,0
109,WISEA J163107.33+560905.3,16h31m07.3315s,+56d09m05.364s,247.780548,56.15149,*,219105.116684048,0.730856,SUN,9,0,17,6,7,4,0,0,0,0
110,WISEA J043526.50-164346.1,04h35m26.5046s,-16d43m46.136s,68.8604362,-16.7294823,G,29457.007338164,0.098258,SLS,2,0,22,6,3,0,0,0,0,1
111,WISEA J170616.25+370926.8,17h06m16.2561s,+37d09m26.849s,256.5677339,37.1574583,QSO,380043.90108202,1.26769,SUN,17,0,20,9,8,0,0,0,0,0
